work_id,author_id,position
W3038105864,A5045991385,last
W3038105864,A5101474113,first
W3044723170,A5023845728,middle
W3044723170,A5052236177,last
W3044723170,A5061511561,middle
W3044723170,A5067858777,middle
W3044723170,A5100753229,middle
W3044723170,A5100757725,first
W3044723170,A5101645108,middle
W3044723170,A5102363952,middle
W3113149630,A5002143669,last
W3113149630,A5060005929,first
W3120390034,A5033921097,middle
W3120390034,A5036357777,middle
W3120390034,A5047197696,first
W3120390034,A5060458014,middle
W3120390034,A5066120242,middle
W3120390034,A5100752356,last
W3132799678,A5021827481,middle
W3132799678,A5024292688,middle
W3132799678,A5037990310,last
W3132799678,A5075100287,middle
W3132799678,A5100337412,first
W3132799678,A5100369916,middle
W3132799678,A5100634702,middle
W3132799678,A5101674458,middle
W3135369575,A5017444948,middle
W3135369575,A5038065289,first
W3135369575,A5081644845,middle
W3135369575,A5082375941,last
W3140416988,A5011889214,last
W3140416988,A5012450004,first
W3140416988,A5109493868,middle
W3140416988,A5110752821,middle
W3147852756,A5011531387,last
W3147852756,A5087256235,first
W3156829097,A5007082510,first
W3156829097,A5033486668,last
W3156829097,A5040711005,middle
W3156829097,A5074945731,middle
W3156829097,A5102025003,middle
W3161207330,A5007460835,middle
W3161207330,A5022280034,middle
W3161207330,A5038994448,middle
W3161207330,A5072407590,first
W3161207330,A5100752356,last
W3164401570,A5013054127,middle
W3164401570,A5014204943,middle
W3164401570,A5018302442,last
W3164401570,A5019660414,middle
W3164401570,A5055380138,middle
W3164401570,A5079115181,middle
W3164401570,A5086301780,first
W3180604690,A5004401828,last
W3180604690,A5030289462,first
W3183048323,A5014313436,middle
W3183048323,A5015245862,middle
W3183048323,A5035787368,middle
W3183048323,A5043510754,middle
W3183048323,A5050478468,middle
W3183048323,A5050670407,middle
W3183048323,A5068384981,last
W3183048323,A5077548608,middle
W3183048323,A5078308635,middle
W3183048323,A5085894202,middle
W3183048323,A5089829631,first
W3183048323,A5100668167,middle
W3183048323,A5101708763,middle
W3183048323,A5101883045,middle
W3183420623,A5054569164,middle
W3183420623,A5062774048,last
W3183420623,A5085542421,first
W3183903096,A5057857099,first
W3183903096,A5073814691,last
W3191514888,A5037990310,last
W3191514888,A5064208724,first
W3191514888,A5076172277,middle
W3191514888,A5100369916,middle
W3191514888,A5100462858,middle
W3200113267,A5031377954,last
W3200113267,A5055759473,middle
W3200113267,A5056110552,first
W3200113267,A5084205574,middle
W3201412947,A5015328755,last
W3201412947,A5042011218,middle
W3201412947,A5084184776,first
W3201412947,A5100355692,middle
W3201412947,A5101477157,middle
W3216755252,A5001699131,middle
W3216755252,A5026504154,last
W3216755252,A5071787646,first
W4205250680,A5027064648,last
W4205250680,A5055351743,first
W4205334324,A5040477292,last
W4205334324,A5075257227,first
W4205378885,A5074535293,last
W4205378885,A5082639293,first
W4205440051,A5040477292,first
W4205632368,A5086068094,first
W4205632368,A5100437308,last
W4205655330,A5001270995,first
W4205655330,A5024802129,middle
W4205655330,A5054957490,last
W4205655330,A5060070395,middle
W4205812147,A5019387999,first
W4205812147,A5021111688,last
W4205939747,A5024549341,first
W4205939747,A5060494556,last
W4205939747,A5085117395,middle
W4206016550,A5017406967,first
W4206016550,A5029287956,middle
W4206016550,A5109425857,last
W4206041150,A5010320097,first
W4206075111,A5016800697,first
W4206075111,A5039205000,middle
W4206075111,A5048111219,last
W4206075111,A5088135807,middle
W4206094475,A5009309241,middle
W4206094475,A5055991257,middle
W4206094475,A5058133910,middle
W4206094475,A5063250732,first
W4206094475,A5070606998,last
W4206094475,A5070629635,middle
W4206195463,A5001618198,middle
W4206195463,A5048672189,last
W4206195463,A5050430249,middle
W4206195463,A5074332958,middle
W4206195463,A5100460994,middle
W4206195463,A5101649139,first
W4206417793,A5015760773,first
W4206417793,A5051363614,middle
W4206417793,A5061208595,last
W4206417793,A5100396348,middle
W4206417793,A5100748115,middle
W4206417793,A5101718582,middle
W4206515154,A5065969365,first
W4206515154,A5111041201,last
W4206588195,A5003627091,last
W4206588195,A5080000811,first
W4206681343,A5009089390,middle
W4206681343,A5027091353,last
W4206681343,A5069836459,first
W4206722902,A5020525219,first
W4206740177,A5014647743,last
W4206740177,A5075411702,middle
W4206740177,A5082370308,first
W4206740177,A5112449340,middle
W4206780588,A5007040136,middle
W4206780588,A5032506165,middle
W4206780588,A5042514819,middle
W4206780588,A5071959897,last
W4206780588,A5079889916,middle
W4206780588,A5100605662,first
W4206983514,A5002344438,middle
W4206983514,A5025326752,middle
W4206983514,A5034239339,middle
W4206983514,A5070406038,last
W4206983514,A5101623663,first
W4206983514,A5102779840,middle
W4210410512,A5066303253,first
W4210410512,A5079325992,last
W4210410512,A5082912139,middle
W4210542188,A5012505948,middle
W4210542188,A5042905745,middle
W4210542188,A5048575411,first
W4210542188,A5056863498,middle
W4210542188,A5069290393,middle
W4210542188,A5076814657,middle
W4210542188,A5082151433,last
W4210542188,A5083259460,middle
W4210542188,A5101699433,middle
W4210542188,A5112735320,middle
W4210542188,A5113964067,middle
W4210631880,A5064572247,middle
W4210631880,A5069260620,middle
W4210631880,A5100393417,first
W4210631880,A5100441116,middle
W4210631880,A5100604784,middle
W4210631880,A5100615908,middle
W4210631880,A5100629869,last
W4210631880,A5100679575,middle
W4210631880,A5102767749,middle
W4210763735,A5040007583,middle
W4210763735,A5040305670,middle
W4210763735,A5047996342,middle
W4210763735,A5048394282,middle
W4210763735,A5060846150,last
W4210763735,A5086533220,first
W4210780574,A5024534526,middle
W4210780574,A5036801346,middle
W4210780574,A5051406984,last
W4210780574,A5100461646,middle
W4210780574,A5101762278,first
W4210827551,A5006316699,first
W4210827551,A5101958981,last
W4210827551,A5111830527,middle
W4210909794,A5007842569,middle
W4210909794,A5056670558,last
W4210909794,A5060460337,first
W4211060568,A5032464773,middle
W4211060568,A5034095159,last
W4211060568,A5038839161,first
W4211060568,A5075801361,middle
W4211060568,A5101949313,middle
W4212811301,A5071610625,middle
W4212811301,A5084610901,last
W4212811301,A5089225379,first
W4212976523,A5001490863,middle
W4212976523,A5019842095,middle
W4212976523,A5077665557,last
W4212976523,A5100649005,first
W4212976523,A5101542273,middle
W4213347256,A5040705853,middle
W4213347256,A5086232209,first
W4213347256,A5101821254,last
W4214551700,A5027364983,first
W4214551700,A5113471027,last
W4214667230,A5006907239,first
W4214944148,A5003891871,middle
W4214944148,A5007660110,middle
W4214944148,A5049529533,first
W4214944148,A5050659799,last
W4220667522,A5048976040,last
W4220667522,A5053785006,middle
W4220667522,A5070182225,first
W4220698980,A5042895349,middle
W4220698980,A5088111638,first
W4220698980,A5100306850,middle
W4220698980,A5113600509,last
W4220717373,A5017034254,first
W4220717373,A5018458084,middle
W4220717373,A5040369618,middle
W4220717373,A5058183984,middle
W4220717373,A5065859612,middle
W4220717373,A5082299802,last
W4220717373,A5090921348,middle
W4220736817,A5061277148,last
W4220736817,A5100671418,first
W4220756552,A5068555962,last
W4220756552,A5079264025,middle
W4220756552,A5079704928,first
W4220813863,A5000810293,middle
W4220813863,A5016108763,middle
W4220813863,A5066518779,first
W4220813863,A5101685102,middle
W4220813863,A5110971630,last
W4220842692,A5043909146,middle
W4220842692,A5052251666,middle
W4220842692,A5076657750,last
W4220842692,A5100373218,middle
W4220842692,A5100462096,first
W4220864385,A5022963336,middle
W4220864385,A5044893740,first
W4220864385,A5045954225,middle
W4220864385,A5058725046,middle
W4220864385,A5077241213,last
W4220891597,A5012855986,last
W4220891597,A5056684326,first
W4220912476,A5002238970,middle
W4220912476,A5002942261,first
W4220912476,A5080348548,middle
W4220912476,A5086100690,last
W4220922919,A5016645126,first
W4220922919,A5031931063,middle
W4220922919,A5100634348,last
W4220922919,A5103070400,middle
W4220969749,A5027080458,middle
W4220969749,A5049759330,middle
W4220969749,A5054194585,middle
W4220969749,A5059970577,middle
W4220969749,A5081617835,first
W4220969749,A5084554925,last
W4220986642,A5010175452,middle
W4220986642,A5101652892,middle
W4220986642,A5101670958,first
W4220986642,A5103253232,last
W4221010276,A5066969401,last
W4221010276,A5083175579,first
W4221010276,A5090399155,middle
W4221032146,A5012742956,middle
W4221032146,A5020127599,last
W4221032146,A5036820846,middle
W4221032146,A5077953024,first
W4221032146,A5085113518,middle
W4221122242,A5040110693,middle
W4221122242,A5047878798,last
W4221122242,A5100343212,middle
W4221122242,A5100453066,middle
W4221122242,A5102724274,first
W4223453456,A5060451316,first
W4223903624,A5022209006,first
W4223903624,A5069445164,last
W4223903624,A5101398398,middle
W4223903624,A5111181163,middle
W4224013576,A5005161117,middle
W4224013576,A5026473778,middle
W4224013576,A5028915945,middle
W4224013576,A5038777959,first
W4224013576,A5042192633,last
W4224013576,A5042993941,middle
W4224035554,A5022019509,middle
W4224035554,A5029673504,last
W4224035554,A5052554302,middle
W4224035554,A5058127499,first
W4224035554,A5088956982,middle
W4224037847,A5010914146,last
W4224037847,A5045234607,middle
W4224037847,A5074991726,first
W4224082478,A5007087808,middle
W4224082478,A5039352999,middle
W4224082478,A5058835905,first
W4224082478,A5101109689,middle
W4224082478,A5101428329,middle
W4224082478,A5103277171,last
W4224213141,A5012437460,middle
W4224213141,A5028945060,last
W4224213141,A5035130305,first
W4224243673,A5029049593,first
W4224243673,A5034744347,middle
W4224243673,A5036112939,middle
W4224243673,A5075720969,last
W4224248396,A5031576307,middle
W4224248396,A5043486930,last
W4224248396,A5064721860,first
W4224248396,A5101372313,middle
W4224437581,A5005953358,middle
W4224437581,A5008082871,last
W4224437581,A5013758736,middle
W4224437581,A5069969191,middle
W4224437581,A5070517330,first
W4225277427,A5019886356,first
W4225277427,A5048351097,middle
W4225277427,A5068628314,last
W4225277427,A5087022976,middle
W4225277427,A5100351506,middle
W4225294432,A5027312639,middle
W4225294432,A5028543826,first
W4225294432,A5037279956,last
W4225294432,A5078914416,middle
W4225294432,A5079036376,middle
W4225821329,A5046960881,first
W4226062099,A5061997668,first
W4226083961,A5046605531,last
W4226083961,A5048649183,first
W4226083961,A5055478558,middle
W4226083961,A5057732142,middle
W4226083961,A5063285882,middle
W4226083961,A5076130415,middle
W4226181943,A5031905501,middle
W4226181943,A5033105117,middle
W4226181943,A5074405661,first
W4226181943,A5085245110,last
W4226181943,A5100455568,middle
W4226181943,A5100617962,middle
W4226181943,A5101620547,middle
W4226322152,A5063696855,last
W4226322152,A5085555898,first
W4226322152,A5106626932,middle
W4226424013,A5020767969,last
W4226424013,A5040180867,first
W4226424013,A5057416382,middle
W4226424013,A5068920468,middle
W4226424013,A5101978937,middle
W4226424035,A5010599294,first
W4226424035,A5017626590,last
W4226424035,A5066140774,middle
W4226459955,A5078291766,first
W4229012814,A5013311390,last
W4229012814,A5037882098,middle
W4229012814,A5047234347,first
W4229442263,A5020327006,middle
W4229442263,A5022377161,middle
W4229442263,A5069019252,first
W4229442263,A5069487101,middle
W4229442263,A5070662893,last
W4229442263,A5108013133,middle
W4280491585,A5036009160,middle
W4280491585,A5057176691,last
W4280491585,A5077769694,middle
W4280491585,A5089488145,first
W4280508892,A5001270995,first
W4280508892,A5058393355,last
W4280525177,A5005829949,last
W4280525177,A5011284774,first
W4280541407,A5000475040,last
W4280541407,A5016753319,middle
W4280541407,A5036347319,first
W4280582114,A5046969928,first
W4280582114,A5062049368,last
W4280590401,A5031220156,last
W4280590401,A5054337797,middle
W4280590401,A5055297909,middle
W4280590401,A5058042445,first
W4280590401,A5100616362,middle
W4280649903,A5001440837,middle
W4280649903,A5020546469,last
W4280649903,A5021679576,middle
W4280649903,A5034818449,middle
W4280649903,A5056204391,first
W4281262808,A5014398832,last
W4281262808,A5038308708,first
W4281286562,A5055767872,first
W4281286562,A5083584816,last
W4281399117,A5025747161,first
W4281399117,A5101666881,last
W4281663336,A5023403556,last
W4281663336,A5032090996,first
W4281663336,A5049064037,middle
W4281663336,A5062101109,middle
W4281703385,A5027571327,first
W4281703385,A5055589318,last
W4281703385,A5100726713,middle
W4281912025,A5055403091,middle
W4281912025,A5074303402,first
W4281912025,A5081877111,last
W4281930622,A5012991566,middle
W4281930622,A5077211776,first
W4281930622,A5100638546,middle
W4281930622,A5101645356,last
W4281962665,A5021827481,middle
W4281962665,A5031973958,middle
W4281962665,A5037990310,last
W4281962665,A5040995305,first
W4281962665,A5071269407,middle
W4281962665,A5075100287,middle
W4281962665,A5100369916,middle
W4281962665,A5100462858,middle
W4283069536,A5002818433,middle
W4283069536,A5028014425,middle
W4283069536,A5045361189,last
W4283069536,A5080706260,middle
W4283069536,A5086602898,first
W4283069536,A5101921000,middle
W4283157120,A5054194585,last
W4283157120,A5103257376,first
W4283203948,A5031691031,first
W4283203948,A5044801385,last
W4283203948,A5072923302,middle
W4283203948,A5073006299,middle
W4283203948,A5114377922,middle
W4283213885,A5000130848,last
W4283213885,A5016503114,middle
W4283213885,A5048499914,middle
W4283213885,A5048675276,first
W4283213885,A5054915799,middle
W4283275666,A5047621347,first
W4283275666,A5053207994,last
W4283461979,A5039341855,last
W4283461979,A5064467549,middle
W4283461979,A5087303751,first
W4283578180,A5054984160,first
W4283578180,A5058078141,last
W4283585133,A5000257232,middle
W4283585133,A5032417356,first
W4283585133,A5076579498,last
W4283585133,A5090899188,middle
W4283585133,A5100687842,middle
W4283585133,A5100768918,middle
W4283645714,A5004754258,first
W4283645714,A5100735356,last
W4283763275,A5028493506,first
W4283763275,A5100763506,last
W4283764803,A5066478445,first
W4283764803,A5069410082,last
W4283803271,A5050165132,last
W4283803271,A5075855692,first
W4283814693,A5044292056,last
W4283814693,A5075926284,first
W4283817886,A5046484926,first
W4283817886,A5089246664,last
W4285091076,A5005545405,first
W4285676605,A5029801451,first
W4285676605,A5086385685,last
W4285796263,A5012063164,middle
W4285796263,A5069995055,middle
W4285796263,A5073814691,last
W4285796263,A5084649185,first
W4285796576,A5046211643,middle
W4285796576,A5060949035,first
W4285796576,A5088902167,last
W4286795081,A5000315816,middle
W4286795081,A5004396429,first
W4286795081,A5112321926,last
W4286906772,A5048285657,last
W4286906772,A5049520186,first
W4287307793,A5008228591,middle
W4287307793,A5016422824,middle
W4287307793,A5021761851,middle
W4287307793,A5036775484,last
W4287307793,A5060426258,first
W4287307793,A5061241637,middle
W4287307793,A5110662254,middle
W4287577628,A5037070255,first
W4287577628,A5045715820,last
W4287577628,A5064476347,middle
W4287992808,A5012673464,middle
W4287992808,A5055974043,first
W4287992808,A5060427576,last
W4287992808,A5065488177,middle
W4288690437,A5029750424,middle
W4288690437,A5089216253,last
W4288690437,A5103257513,middle
W4288690437,A5110662776,first
W4289638136,A5023821914,last
W4289638136,A5057765179,first
W4289860834,A5017678625,last
W4289860834,A5020620488,middle
W4289860834,A5100371024,first
W4289860834,A5100455788,middle
W4289860834,A5101408584,middle
W4289868942,A5007990458,first
W4289868942,A5061687092,last
W4289868942,A5070396373,middle
W4289868942,A5076418171,middle
W4289868942,A5083151864,middle
W4290992098,A5031758606,middle
W4290992098,A5052563154,middle
W4290992098,A5060394018,first
W4290992098,A5081817597,last
W4291993480,A5018366102,first
W4291993480,A5101916375,last
W4292059111,A5007268662,first
W4292059111,A5031470719,last
W4292059111,A5057915789,middle
W4292059111,A5075411702,middle
W4292197747,A5006206015,middle
W4292197747,A5014007067,middle
W4292197747,A5043674003,first
W4292197747,A5071962721,last
W4292197747,A5081318069,middle
W4292289323,A5007814097,middle
W4292289323,A5029662492,middle
W4292289323,A5035260283,first
W4292289323,A5066868064,middle
W4292289323,A5100326712,last
W4292289324,A5001207425,first
W4292289324,A5021138620,middle
W4292289324,A5072427305,middle
W4292289324,A5076081465,middle
W4292289324,A5077238823,last
W4292372012,A5070480113,last
W4292372012,A5091399000,first
W4293213129,A5027293846,first
W4293213129,A5029689278,last
W4293248357,A5043574277,last
W4293248357,A5052227146,first
W4293288724,A5045804696,first
W4293295050,A5028876164,first
W4293295050,A5058685565,middle
W4293295050,A5065030408,middle
W4293295050,A5100391742,last
W4293317991,A5062445099,first
W4293317991,A5108006149,last
W4293317991,A5108967747,middle
W4293795081,A5078857583,first
W4294566414,A5034881721,middle
W4294566414,A5066104845,first
W4294566414,A5088969327,last
W4294653840,A5003329037,last
W4294653840,A5043148826,first
W4294740730,A5000423090,middle
W4294740730,A5007157109,middle
W4294740730,A5009808948,middle
W4294740730,A5019591142,middle
W4294740730,A5019780158,middle
W4294740730,A5021351968,middle
W4294740730,A5039924119,middle
W4294740730,A5041248487,first
W4294740730,A5043355848,middle
W4294740730,A5048651621,middle
W4294740730,A5060767326,middle
W4294740730,A5061961859,last
W4294740730,A5065859612,middle
W4294740730,A5066405772,middle
W4294740730,A5073835952,middle
W4294740730,A5113492726,middle
W4294817101,A5004219097,middle
W4294817101,A5022209006,first
W4294817101,A5100347255,last
W4294817101,A5100347994,middle
W4294817101,A5100632772,middle
W4294817101,A5101398398,middle
W4294930473,A5024234396,first
W4294930473,A5043398857,last
W4295008492,A5013628132,first
W4295008492,A5078493275,middle
W4295008492,A5091653726,last
W4295120388,A5027585580,first
W4295120388,A5037623995,last
W4295120388,A5049287701,middle
W4295457756,A5019951946,first
W4295457756,A5067185538,last
W4295926801,A5005258575,last
W4295926801,A5028923846,first
W4296020838,A5003623633,middle
W4296020838,A5044865157,last
W4296020838,A5078027106,first
W4296045111,A5049559317,first
W4296045111,A5057741133,last
W4296045111,A5102790255,middle
W4296045111,A5103004632,middle
W4296077725,A5067325797,middle
W4296077725,A5087773838,middle
W4296077725,A5100357677,middle
W4296077725,A5100707112,middle
W4296077725,A5100743646,first
W4296077725,A5103065463,last
W4296139711,A5059580063,last
W4296139711,A5068812101,middle
W4296139711,A5084209353,first
W4296186746,A5020773915,first
W4296186746,A5033373333,middle
W4296186746,A5045015575,last
W4296186746,A5101903837,middle
W4296297582,A5000944002,first
W4296297582,A5009371842,last
W4296297582,A5100340987,middle
W4296461299,A5060828204,middle
W4296461299,A5078821528,first
W4296461299,A5101752819,last
W4296636191,A5015643561,middle
W4296636191,A5053219262,last
W4296636191,A5075984586,middle
W4296636191,A5091284430,first
W4296636191,A5103770117,middle
W4296929390,A5089220020,middle
W4296929390,A5101671584,first
W4296929390,A5102970353,last
W4296935237,A5035048973,middle
W4296935237,A5044088814,first
W4296935237,A5100640128,last
W4297051238,A5044867921,last
W4297051238,A5078008156,first
W4297092710,A5011617797,first
W4297092710,A5023601116,middle
W4297092710,A5060690319,last
W4297227993,A5025657211,last
W4297227993,A5072285714,middle
W4297227993,A5103148381,first
W4297491563,A5000492455,first
W4297491563,A5006394687,middle
W4297491563,A5024412086,middle
W4297491563,A5044574416,middle
W4297491563,A5069123141,last
W4297548914,A5029008213,last
W4297548914,A5029334093,first
W4297548914,A5039096815,middle
W4297548914,A5055478558,middle
W4297826536,A5078766225,first
W4297826536,A5101763495,last
W4297903184,A5030469170,first
W4297903184,A5044593572,middle
W4297903184,A5046327670,middle
W4297903184,A5048665354,last
W4297903184,A5066780028,middle
W4298000417,A5082166723,first
W4298000417,A5104207368,last
W4298124436,A5057599587,last
W4298124436,A5079680116,first
W4300717046,A5041887867,first
W4300717046,A5100373625,middle
W4300717046,A5100444637,last
W4300717046,A5100676074,middle
W4300717046,A5101042096,middle
W4302288256,A5048088901,last
W4302288256,A5058388725,first
W4302288256,A5067611057,middle
W4302288256,A5076102993,middle
W4302775088,A5023822600,middle
W4302775088,A5025079159,middle
W4302775088,A5081933126,last
W4302775088,A5090052616,middle
W4302775088,A5100339921,middle
W4302775088,A5100458749,first
W4303415883,A5037945129,first
W4303415883,A5043720844,last
W4303579230,A5006293953,middle
W4303579230,A5022582952,middle
W4303579230,A5029191317,middle
W4303579230,A5037090300,middle
W4303579230,A5054029353,first
W4303579230,A5082046789,middle
W4303579230,A5100409306,last
W4303710087,A5010034247,middle
W4303710087,A5014306565,first
W4303710087,A5049525333,last
W4303710087,A5100626897,middle
W4303984810,A5003725608,first
W4303984810,A5003928961,middle
W4303984810,A5025236262,middle
W4303984810,A5077770842,last
W4304098281,A5029900948,last
W4304098281,A5044318426,first
W4304175779,A5021355100,first
W4304175779,A5052213341,last
W4304187656,A5015767236,first
W4304187656,A5085432173,last
W4304698333,A5003799782,middle
W4304698333,A5053403067,last
W4304698333,A5083775463,middle
W4304698333,A5103203760,first
W4306292106,A5037331113,first
W4306292106,A5041045029,middle
W4306292106,A5042805664,last
W4306292106,A5053428338,middle
W4306292106,A5054285669,middle
W4306292106,A5072302612,middle
W4306292106,A5086614609,middle
W4306292106,A5087094312,middle
W4306786778,A5004203337,middle
W4306786778,A5010989991,first
W4306786778,A5062646838,middle
W4306786778,A5085542421,last
W4307129239,A5043558491,middle
W4307129239,A5049612719,first
W4307129239,A5066188490,middle
W4307129239,A5070612539,middle
W4307129239,A5100740354,last
W4307243336,A5055720661,first
W4307243336,A5061276551,last
W4307321238,A5019489166,middle
W4307321238,A5031125465,first
W4307321238,A5037355389,middle
W4307321238,A5044418860,middle
W4307321238,A5062210815,last
W4307321238,A5090847392,middle
W4307572272,A5040973120,first
W4307572272,A5048866658,last
W4307819182,A5005266091,middle
W4307819182,A5013570285,middle
W4307819182,A5028039581,last
W4307819182,A5048328260,first
W4307910037,A5008343337,middle
W4307910037,A5023526275,last
W4307910037,A5028194255,first
W4307910037,A5070213345,middle
W4307910037,A5070305773,middle
W4307910037,A5100757593,middle
W4307911024,A5043447596,first
W4307913127,A5029728370,first
W4307913127,A5101166347,last
W4308112317,A5009120208,first
W4308112567,A5012247372,first
W4308112567,A5074504268,middle
W4308112567,A5100446696,last
W4308160155,A5021247547,last
W4308160155,A5073792362,first
W4308160155,A5100443536,middle
W4308160155,A5102790255,middle
W4308381112,A5065674426,last
W4308381112,A5087235995,middle
W4308381112,A5087337150,first
W4308607522,A5037780781,middle
W4308607522,A5069850104,first
W4308607522,A5074053623,last
W4308607522,A5100456371,middle
W4308607522,A5101512472,middle
W4308607522,A5102873364,middle
W4308750008,A5025980566,last
W4308750008,A5062378664,first
W4308840623,A5084878716,last
W4308840623,A5090703168,first
W4308840632,A5009023776,last
W4308840632,A5028215399,first
W4308861918,A5062187850,middle
W4308861918,A5086387693,first
W4308861918,A5100752356,last
W4309198707,A5032469465,middle
W4309198707,A5054801103,first
W4309198707,A5071962721,last
W4309198707,A5081318069,middle
W4309349667,A5002263224,middle
W4309349667,A5072684302,last
W4309349667,A5103240136,first
W4309490745,A5020831807,middle
W4309490745,A5031767757,middle
W4309490745,A5064836784,first
W4309490745,A5067567502,middle
W4309490745,A5075145520,middle
W4309490745,A5085432173,last
W4309582920,A5029096221,last
W4309582920,A5058515816,first
W4309582920,A5079817780,middle
W4309643846,A5072011650,last
W4309643846,A5087022976,first
W4309643846,A5103010371,middle
W4309648563,A5011543714,middle
W4309648563,A5011947453,middle
W4309648563,A5019810689,first
W4309648563,A5105826134,last
W4309782696,A5017613139,middle
W4309782696,A5017968460,last
W4309782696,A5039465981,first
W4309782696,A5053928029,middle
W4309796907,A5069345461,last
W4309796907,A5091890229,first
W4309796916,A5022510652,first
W4309796916,A5077042838,last
W4309796916,A5081492188,middle
W4309822222,A5042333849,last
W4309822222,A5058171262,middle
W4309822222,A5085332844,first
W4309867695,A5111189650,first
W4309889602,A5031433977,first
W4309889602,A5041766787,last
W4309913730,A5009260936,middle
W4309913730,A5061104105,last
W4309913730,A5100335555,middle
W4309913730,A5100749622,first
W4309913730,A5101524146,middle
W4309913730,A5103041851,middle
W4309925307,A5005343901,last
W4309925307,A5043953788,first
W4309925307,A5052555990,middle
W4309928656,A5046476267,middle
W4309928656,A5062944653,last
W4309928656,A5082763715,middle
W4309928656,A5101696199,first
W4309937154,A5005862664,middle
W4309937154,A5018712863,last
W4309937154,A5100691996,middle
W4309937154,A5101589112,first
W4310193546,A5023927737,middle
W4310193546,A5052898786,last
W4310193546,A5087726431,first
W4310193546,A5091191629,middle
W4310193697,A5001472078,first
W4310193697,A5003799782,last
W4310193697,A5069969191,middle
W4310193697,A5089438496,middle
W4310193697,A5100691996,middle
W4310193754,A5021484601,last
W4310193754,A5038252072,first
W4310193754,A5069086703,middle
W4310195170,A5001443386,middle
W4310195170,A5064274313,middle
W4310195170,A5083782170,last
W4310195170,A5100354485,middle
W4310195170,A5100402925,first
W4310195170,A5109617135,middle
W4310225030,A5032685699,first
W4310225030,A5046759145,last
W4310276548,A5023272733,first
W4310276548,A5084633261,last
W4310787317,A5019281107,first
W4310787317,A5068951317,middle
W4310787317,A5100440164,middle
W4310787317,A5100658008,middle
W4310787317,A5101568332,last
W4311031268,A5006421102,last
W4311031268,A5009900245,first
W4311031268,A5011563643,middle
W4311031268,A5016116871,middle
W4311035550,A5026310210,last
W4311035550,A5027935882,first
W4311035550,A5047141412,middle
W4311035665,A5002681447,middle
W4311035665,A5003729126,middle
W4311035665,A5015350333,first
W4311035665,A5103177922,last
W4311035665,A5112880589,middle
W4311165753,A5001128537,last
W4311165753,A5084474730,first
W4311183537,A5008695053,middle
W4311183537,A5025305363,first
W4311183537,A5037574053,last
W4311183537,A5038581447,middle
W4311183537,A5047390057,middle
W4311183537,A5059302775,middle
W4311183537,A5060080598,middle
W4311273559,A5057490206,first
W4311273559,A5069541151,middle
W4311273559,A5080190737,last
W4311273559,A5081965427,middle
W4311305999,A5001443974,middle
W4311305999,A5054951713,middle
W4311305999,A5072431554,last
W4311305999,A5076657750,middle
W4311305999,A5100608377,middle
W4311305999,A5101697326,first
W4311362391,A5006060295,first
W4311362391,A5054194585,middle
W4311362391,A5087419173,last
W4311375214,A5013640755,first
W4311464455,A5040477292,first
W4311464757,A5068159502,first
W4311464757,A5100619255,middle
W4311464757,A5101488949,last
W4311464757,A5101971313,middle
W4311599520,A5021162862,first
W4311599520,A5039356472,last
W4311607213,A5036801346,middle
W4311607213,A5051406984,last
W4311607213,A5053058502,middle
W4311607213,A5059002491,first
W4311607213,A5065910481,middle
W4311607213,A5100784818,middle
W4311625992,A5002539501,middle
W4311625992,A5014992894,first
W4311625992,A5026147454,last
W4311629995,A5039475467,first
W4311629995,A5066789830,last
W4311629995,A5070937376,middle
W4311629995,A5071900228,middle
W4311710860,A5024147005,last
W4311710860,A5077442223,first
W4311954044,A5002588126,first
W4311954044,A5024274621,last
W4312059150,A5004057129,middle
W4312059150,A5005831779,middle
W4312059150,A5044200395,first
W4312059150,A5045843249,middle
W4312059150,A5090363651,last
W4312105932,A5001270995,first
W4312105932,A5024802129,last
W4312105932,A5059279038,middle
W4312106224,A5008300007,last
W4312106224,A5038884691,first
W4312106224,A5081500824,middle
W4312106240,A5030241951,first
W4312106240,A5084270607,last
W4312106240,A5086326544,middle
W4312106240,A5086947282,middle
W4312106240,A5100638706,middle
W4312106240,A5101954867,middle
W4312106306,A5038448571,first
W4312106306,A5053773659,last
W4312106306,A5069331818,middle
W4312106615,A5007947570,middle
W4312106615,A5038687122,middle
W4312106615,A5053794277,middle
W4312106615,A5074090518,last
W4312106615,A5075203206,first
W4312106615,A5101549131,middle
W4312106726,A5017459474,last
W4312106726,A5029772821,middle
W4312106726,A5073637662,first
W4312106785,A5019847905,first
W4312106785,A5036839837,last
W4312106785,A5101544755,middle
W4312208348,A5078430868,first
W4312208408,A5002732326,first
W4312208408,A5039752849,middle
W4312208408,A5082236429,last
W4312214845,A5036010787,middle
W4312214845,A5039480864,last
W4312214845,A5046605531,middle
W4312214845,A5100623335,first
W4312214853,A5045156336,last
W4312214853,A5066303253,first
W4312222425,A5034420107,middle
W4312222425,A5058124369,last
W4312222425,A5059695393,first
W4312222425,A5100375792,middle
W4312222562,A5045137489,middle
W4312222562,A5056456094,first
W4312222562,A5071040306,middle
W4312222562,A5100781892,last
W4312222690,A5053091111,first
W4312222690,A5068620302,middle
W4312222690,A5082133960,middle
W4312222690,A5100355598,middle
W4312222690,A5101457173,last
W4313276113,A5014390034,last
W4313276113,A5015350333,first
W4313276113,A5081084530,middle
W4313321559,A5066661344,first
W4313321714,A5029120894,first
W4313321714,A5038675407,last
W4313321714,A5086354302,middle
W4313388587,A5019281107,first
W4313388587,A5056644602,middle
W4313388587,A5100440022,middle
W4313388587,A5100658008,middle
W4313388587,A5101568332,last
W4313421060,A5005153200,middle
W4313421060,A5023019170,middle
W4313421060,A5028898335,last
W4313421060,A5047628048,first
W4313421060,A5091500375,middle
W4313597114,A5029214477,middle
W4313597114,A5039335917,middle
W4313597114,A5065124975,last
W4313597114,A5080060786,first
W4313597114,A5089440969,middle
W4313597114,A5090950667,middle
W4313625318,A5033967764,middle
W4313625318,A5041668369,middle
W4313625318,A5056618832,last
W4313625318,A5082906412,first
W4313642897,A5027195597,middle
W4313642897,A5086232209,last
W4313642897,A5101978937,first
W4313644131,A5014369213,first
W4313644131,A5033986640,last
W4313648835,A5003218042,middle
W4313648835,A5029195698,first
W4313648835,A5047300941,middle
W4313648835,A5100752356,last
W4313650011,A5048332892,first
W4313650011,A5101485161,last
W4315490060,A5032092961,last
W4315490060,A5051829991,first
W4315490060,A5053624960,middle
W4315490060,A5101965830,middle
W4316036513,A5009750573,middle
W4316036513,A5017101039,first
W4316036513,A5070283092,middle
W4316036513,A5100325058,last
W4316036513,A5100341891,middle
W4316810864,A5009978186,first
W4316810864,A5044196762,last
W4316814312,A5055009890,first
W4316814312,A5070455585,last
W4317042600,A5025980566,first
W4317042600,A5082808405,last
W4317042600,A5085581530,middle
W4317207462,A5014211050,middle
W4317207462,A5065107543,last
W4317207462,A5082596393,first
W4317207836,A5005760802,middle
W4317207836,A5017754814,middle
W4317207836,A5035273426,last
W4317207836,A5060160733,first
W4317207836,A5069969191,middle
W4317208968,A5076873248,last
W4317208968,A5100730802,middle
W4317208968,A5101523855,first
W4317565738,A5028441474,middle
W4317565738,A5038602282,first
W4317565738,A5040568268,middle
W4317565738,A5100648348,last
W4317565738,A5101597411,middle
W4317790698,A5082952809,first
W4317904349,A5002511102,first
W4317904349,A5100752356,last
W4318200376,A5038506987,middle
W4318200376,A5056574222,last
W4318200376,A5086673948,middle
W4318200376,A5087072092,first
W4318219004,A5022209006,last
W4318219004,A5042833434,middle
W4318219004,A5047810973,middle
W4318219004,A5048902633,middle
W4318219004,A5062746375,middle
W4318219004,A5076583315,first
W4318219004,A5085970103,middle
W4318219004,A5100384332,middle
W4318219004,A5100390423,middle
W4318219004,A5112967390,middle
W4318219004,A5114626552,middle
W4318340592,A5012071123,last
W4318340592,A5040259747,first
W4318475704,A5003967657,first
W4318475704,A5065120677,last
W4318481158,A5032240816,first
W4318481158,A5068760574,middle
W4318481158,A5070682362,last
W4318483587,A5032097112,middle
W4318483587,A5053213515,middle
W4318483587,A5068555962,last
W4318483587,A5079704928,first
W4318595446,A5067395520,first
W4318595446,A5079991821,last
W4318979379,A5012796713,middle
W4318979379,A5102746694,first
W4318979379,A5103216766,last
W4319302037,A5030839425,middle
W4319302037,A5031927335,last
W4319302037,A5082766103,middle
W4319302037,A5088086609,first
W4319304622,A5020773915,first
W4319304622,A5068534508,middle
W4319304622,A5101851003,last
W4319304622,A5101903837,middle
W4319338312,A5012148158,middle
W4319338312,A5020658652,middle
W4319338312,A5032123516,first
W4319338312,A5047108921,middle
W4319338312,A5061256797,middle
W4319338312,A5077203518,last
W4319338312,A5077553626,middle
W4319338312,A5080674562,middle
W4319733201,A5016900158,middle
W4319733201,A5037363448,middle
W4319733201,A5055436168,middle
W4319733201,A5055719679,last
W4319733201,A5064611681,first
W4319791194,A5016587219,first
W4319791194,A5070824522,last
W4319791194,A5100437308,middle
W4320035261,A5032709348,first
W4320035261,A5063027478,last
W4320035261,A5084119748,middle
W4320490631,A5012992088,middle
W4320490631,A5019446590,middle
W4320490631,A5019877221,middle
W4320490631,A5030246727,first
W4320490631,A5063616928,middle
W4320490631,A5081934496,last
W4320490631,A5102715601,middle
W4321108604,A5024107021,last
W4321108604,A5076119369,middle
W4321108604,A5102906495,first
W4321238586,A5047683921,first
W4321238586,A5048101513,middle
W4321238586,A5066935717,middle
W4321238586,A5076160843,last
W4321249736,A5075818819,last
W4321249736,A5078520681,first
W4321352114,A5003847848,middle
W4321352114,A5045330125,first
W4321352114,A5049681128,middle
W4321352114,A5067780879,middle
W4321352114,A5072731605,last
W4321352114,A5073413581,middle
W4321352114,A5101867351,middle
W4321437593,A5012800434,first
W4321437593,A5060971352,last
W4321496408,A5032571878,first
W4321496408,A5033790986,middle
W4321496408,A5061284177,last
W4321497407,A5007549080,middle
W4321497407,A5025712243,last
W4321497407,A5075293170,first
W4321617535,A5001270995,first
W4321617535,A5007292153,last
W4321617535,A5051779439,middle
W4321617765,A5004124946,middle
W4321617765,A5012545078,first
W4321617765,A5028152521,last
W4321617765,A5041431561,middle
W4321617765,A5080797120,middle
W4321617771,A5036359181,middle
W4321617771,A5063766245,middle
W4321617771,A5064583762,first
W4321617771,A5072659343,last
W4321617771,A5101626861,middle
W4321618002,A5029662492,last
W4321618002,A5100357108,middle
W4321618002,A5101408162,first
W4321769603,A5020629716,middle
W4321769603,A5032852265,last
W4321769603,A5043469036,first
W4321769603,A5055390928,middle
W4321789106,A5012712435,first
W4321789106,A5030755196,middle
W4321789106,A5036734666,last
W4321789106,A5070682362,middle
W4322217101,A5004203337,last
W4322217101,A5006397225,first
W4322217101,A5022204570,middle
W4322217101,A5062646838,middle
W4322493038,A5018011660,last
W4322493038,A5055986116,first
W4322493038,A5075965221,middle
W4322493038,A5086450980,middle
W4322493542,A5007079766,middle
W4322493542,A5052005274,last
W4322493542,A5073830000,first
W4322493542,A5079325992,middle
W4322733148,A5010886799,middle
W4322733148,A5045879529,first
W4322733148,A5069540002,middle
W4322733148,A5074387543,middle
W4322733148,A5085233751,middle
W4322733148,A5100431969,last
W4322733148,A5102506591,middle
W4322739152,A5006993319,middle
W4322739152,A5029589252,middle
W4322739152,A5046034866,last
W4322739152,A5046508099,middle
W4322739152,A5063588863,middle
W4322739152,A5068381772,first
W4322739152,A5091900293,middle
W4322739152,A5100644556,middle
W4322769152,A5022799473,last
W4322769152,A5029048795,first
W4322769152,A5062359795,middle
W4323038324,A5074759105,middle
W4323038324,A5078824132,middle
W4323038324,A5080710876,first
W4323038324,A5085279545,middle
W4323038324,A5107994859,last
W4323319975,A5073165654,last
W4323319975,A5103216766,first
W4323321928,A5101187368,last
W4323321928,A5101474113,first
W4323851652,A5001227032,first
W4323851652,A5016129320,middle
W4323851652,A5033506886,middle
W4323851652,A5075478426,middle
W4323851652,A5100409274,last
W4323854344,A5069004483,last
W4323854344,A5083690942,first
W4323854344,A5106234319,middle
W4323923963,A5089923373,first
W4323923963,A5101868265,middle
W4323923963,A5108510761,last
W4323924132,A5027949896,middle
W4323924132,A5037780781,middle
W4323924132,A5069850104,first
W4323924132,A5081352717,last
W4323924132,A5088263100,middle
W4323924132,A5100339300,middle
W4323924132,A5100433391,middle
W4323929228,A5037575510,last
W4323929228,A5054695808,middle
W4323929228,A5060684114,middle
W4323929228,A5101035429,middle
W4323929228,A5102813266,first
W4323980169,A5001354034,middle
W4323980169,A5071186894,middle
W4323980169,A5080114207,first
W4323980169,A5084198289,last
W4323980169,A5089077811,middle
W4323980169,A5100409306,middle
W4324089017,A5008807876,first
W4324089017,A5100429695,middle
W4324089017,A5100606509,last
W4324092563,A5010004403,middle
W4324092563,A5028441474,middle
W4324092563,A5100648348,last
W4324092563,A5103089923,first
W4324152529,A5008810990,first
W4324152529,A5046716877,last
W4324325927,A5006559883,first
W4324325927,A5064535836,last
W4324355347,A5069204294,middle
W4324355347,A5081124229,first
W4324355347,A5086958640,middle
W4324355347,A5103152848,last
W4324355347,A5108053908,middle
W4324378992,A5018879530,last
W4324378992,A5087992735,first
W4324378992,A5101653992,middle
W4327909672,A5004011502,last
W4327909672,A5004320417,first
W4327909703,A5034636034,first
W4327941714,A5004923213,first
W4327941714,A5017072744,middle
W4327941714,A5033585021,last
W4327941714,A5050886354,middle
W4327941714,A5088867291,middle
W4327947795,A5059380819,first
W4327947795,A5112248175,last
W4327956269,A5035486559,first
W4327956269,A5085282661,last
W4327956269,A5100333028,middle
W4327956269,A5100695526,middle
W4353083901,A5002178970,last
W4353083901,A5037347113,middle
W4353083901,A5070648432,middle
W4353083901,A5100372201,first
W4353083901,A5100707352,middle
W4353083901,A5103055028,middle
W4360613770,A5004568246,first
W4360613770,A5019951946,middle
W4360613770,A5048316508,last
W4360615597,A5006455040,last
W4360615597,A5047568356,middle
W4360615597,A5050563496,middle
W4360615597,A5069171037,first
W4360618510,A5003788475,first
W4360618510,A5016880522,last
W4360618510,A5070231937,middle
W4360856932,A5010484809,middle
W4360856932,A5012075498,middle
W4360856932,A5016318918,middle
W4360856932,A5037531073,middle
W4360856932,A5040304196,middle
W4360856932,A5040580469,middle
W4360856932,A5040731348,middle
W4360856932,A5042194412,first
W4360856932,A5049268821,middle
W4360856932,A5057063941,middle
W4360856932,A5065007116,middle
W4360856932,A5103019983,last
W4360860178,A5029548136,last
W4360860178,A5062885037,first
W4360869457,A5003222421,last
W4360869457,A5046957909,middle
W4360869457,A5055779797,first
W4360869666,A5008695053,middle
W4360869666,A5025305363,first
W4360869666,A5037574053,last
W4360869666,A5038581447,middle
W4360869666,A5047390057,middle
W4360869666,A5059302775,middle
W4360869666,A5060080598,middle
W4360939579,A5003517792,middle
W4360939579,A5050595171,first
W4360939579,A5051821002,last
W4360939579,A5085179081,middle
W4360950022,A5003928961,middle
W4360950022,A5025236262,middle
W4360950022,A5046638598,middle
W4360950022,A5074120519,first
W4360950022,A5077770842,last
W4360980642,A5053213515,middle
W4360980642,A5068555962,last
W4360980642,A5079264025,middle
W4360980642,A5079704928,first
W4360980683,A5048987624,last
W4360980683,A5111029464,first
W4360985351,A5025213028,middle
W4360985351,A5090242753,first
W4360985351,A5112903360,last
W4360985733,A5023828527,middle
W4360985733,A5028787159,middle
W4360985733,A5052265483,first
W4360985733,A5056892202,middle
W4360985733,A5086940709,last
W4361221423,A5054002392,middle
W4361221423,A5075286263,middle
W4361221423,A5080018418,middle
W4361221423,A5100462858,first
W4361221423,A5100672417,last
W4361221423,A5101849586,middle
W4362475747,A5068024535,first
W4362475747,A5113696439,last
W4362555628,A5008807876,first
W4362555628,A5100429695,last
W4362555628,A5100606509,middle
W4362579589,A5004286514,first
W4362579589,A5025207179,middle
W4362579589,A5066447873,last
W4362579589,A5089615958,middle
W4362670371,A5033934797,last
W4362670371,A5041284519,first
W4362724099,A5000078546,last
W4362724099,A5021797294,middle
W4362724099,A5034134798,first
W4362735525,A5004406505,first
W4362735525,A5031909680,middle
W4362735525,A5056700700,last
W4362735525,A5064673434,middle
W4363648864,A5003847848,last
W4363648864,A5029627109,middle
W4363648864,A5086871115,middle
W4363648864,A5089028976,first
W4364376005,A5044080887,last
W4364376005,A5071678818,first
W4364376005,A5101952881,middle
W4365139618,A5060451316,first
W4365141696,A5016645126,first
W4365141696,A5047341940,last
W4365141696,A5059262865,middle
W4365141696,A5103070400,middle
W4365145108,A5019556766,first
W4365145108,A5032885393,middle
W4365145108,A5051197396,middle
W4365145108,A5072342228,middle
W4365145108,A5100763147,last
W4365816810,A5072956559,first
W4366091323,A5004666484,middle
W4366091323,A5039341855,last
W4366091323,A5041357642,middle
W4366091323,A5056383055,middle
W4366091323,A5073938714,first
W4366091323,A5075887922,middle
W4366091323,A5079931078,middle
W4366091323,A5100326993,middle
W4366091323,A5107942006,middle
W4366123788,A5043508209,last
W4366123788,A5100702904,first
W4366248980,A5056731648,last
W4366248980,A5070082622,first
W4366336804,A5022700280,middle
W4366336804,A5074784465,middle
W4366336804,A5080190737,last
W4366336804,A5081965427,first
W4366392262,A5017449844,first
W4366392262,A5051779245,last
W4366392262,A5062097752,middle
W4366400965,A5027500742,last
W4366400965,A5036986486,first
W4366400965,A5062634912,middle
W4366411592,A5048863906,first
W4366411592,A5112266348,last
W4366415332,A5003126422,middle
W4366415332,A5022377161,middle
W4366415332,A5069487101,middle
W4366415332,A5074454844,last
W4366415332,A5101793708,middle
W4366415332,A5108013133,first
W4366426214,A5034485218,first
W4366426214,A5040497110,last
W4366687390,A5080689475,last
W4366687390,A5100629646,first
W4366687390,A5100687485,middle
W4366816030,A5005708215,first
W4366816030,A5045069369,last
W4366816030,A5052716872,middle
W4366975001,A5081963904,first
W4366975001,A5100657117,last
W4366983521,A5034675952,middle
W4366983521,A5044650790,first
W4366983521,A5051305689,last
W4367040485,A5007288104,first
W4367299072,A5005609029,last
W4367299072,A5015638101,first
W4367299072,A5070432042,middle
W4367368475,A5045402833,first
W4367394292,A5027566210,first
W4367394292,A5042975565,last
W4367394653,A5040477292,first
W4367609788,A5045221371,first
W4367609788,A5089696208,middle
W4367609788,A5112353924,last
W4367623968,A5005792924,middle
W4367623968,A5047208473,last
W4367623968,A5091478694,first
W4368368712,A5038830719,first
W4368368712,A5104113952,last
W4368617646,A5000966033,last
W4368617646,A5018977319,first
W4368617646,A5075504383,middle
W4368617646,A5100763147,middle
W4376616984,A5003563112,last
W4376616984,A5030350248,middle
W4376616984,A5082158123,first
W4376616984,A5101623884,middle
W4376648259,A5062588170,middle
W4376648259,A5072431554,last
W4376648259,A5079887660,first
W4376648259,A5100437308,middle
W4377098461,A5005165910,middle
W4377098461,A5086737342,first
W4377098461,A5091719924,last
W4377145631,A5024549341,middle
W4377145631,A5055432844,middle
W4377145631,A5060494556,first
W4377145631,A5074274816,last
W4377145631,A5085117395,middle
W4377290775,A5100388188,first
W4378416796,A5050386762,middle
W4378416796,A5062187850,middle
W4378416796,A5076918595,first
W4378416796,A5100752356,last
W4378807643,A5019506655,last
W4378807643,A5035765844,middle
W4378807643,A5100670419,first
W4379137572,A5044876953,first
W4379137572,A5053117664,middle
W4379137572,A5084696038,middle
W4379137572,A5092073351,middle
W4379137572,A5092073352,middle
W4379137572,A5092073353,last
W4379184928,A5019031326,middle
W4379184928,A5019331202,last
W4379184928,A5032765727,first
W4379184928,A5103281293,middle
W4379209201,A5089438496,middle
W4379209201,A5100414012,first
W4379209201,A5101416812,last
W4379364212,A5038260597,middle
W4379364212,A5053951395,first
W4379364212,A5061888863,last
W4379519548,A5003799782,middle
W4379519548,A5048672189,last
W4379519548,A5086034088,middle
W4379519548,A5100462631,first
W4379519548,A5101866533,middle
W4379799065,A5036385066,last
W4379799065,A5109725159,first
W4379799065,A5111727218,middle
W4379876307,A5009567610,middle
W4379876307,A5044913343,middle
W4379876307,A5055550759,last
W4379876307,A5060815634,first
W4380360151,A5000785013,last
W4380360151,A5013482267,first
W4380360151,A5054194585,middle
W4380538220,A5011528035,middle
W4380538220,A5050109334,middle
W4380538220,A5087795875,last
W4380538220,A5101657214,first
W4380562659,A5015403247,last
W4380562659,A5079852457,middle
W4380562659,A5100638827,first
W4380591126,A5040815462,last
W4380591126,A5054016512,middle
W4380591126,A5078428133,first
W4380611437,A5033912893,first
W4380762893,A5057608131,first
W4380762893,A5100720061,last
W4380887019,A5015878046,first
W4380887019,A5025236262,middle
W4380887019,A5036261076,middle
W4380887019,A5077770842,middle
W4380887019,A5080505347,last
W4380887019,A5086147112,middle
W4381053565,A5025120215,first
W4381053565,A5100458589,middle
W4381053565,A5100954060,last
W4381053565,A5101554099,middle
W4381053565,A5102927056,middle
W4381087276,A5005531103,middle
W4381087276,A5013155341,first
W4381087276,A5045735100,middle
W4381087276,A5055914678,middle
W4381087276,A5063225359,last
W4381090279,A5003491781,middle
W4381090279,A5015792060,last
W4381090279,A5019170864,middle
W4381090279,A5036390147,first
W4381090279,A5069405328,middle
W4381093614,A5017562924,last
W4381093614,A5024395877,first
W4381163588,A5021672474,middle
W4381163588,A5075207736,first
W4381163588,A5082322906,last
W4381163588,A5112326721,middle
W4381185442,A5100462376,first
W4381332380,A5031075659,last
W4381332380,A5102898415,first
W4381512557,A5004282253,middle
W4381512557,A5012505948,middle
W4381512557,A5017367751,middle
W4381512557,A5045137290,first
W4381512557,A5069290393,last
W4381512557,A5102733653,middle
W4381512557,A5112735320,middle
W4381682084,A5044914031,last
W4381682084,A5059796848,first
W4381737075,A5019387999,last
W4381737075,A5021111688,first
W4381742002,A5006242246,middle
W4381742002,A5023403556,last
W4381742002,A5067039459,first
W4381742002,A5100406573,middle
W4381742002,A5100646551,middle
W4381805003,A5035857033,middle
W4381805003,A5070862414,last
W4381805003,A5109399343,first
W4381856118,A5009996715,last
W4381856118,A5026200442,middle
W4381856118,A5026577634,first
W4381856118,A5100418199,middle
W4381856118,A5101974070,middle
W4381891105,A5002031480,middle
W4381891105,A5015908424,first
W4381891105,A5042577883,last
W4381891105,A5060638607,middle
W4382048741,A5017808266,middle
W4382048741,A5069969960,middle
W4382048741,A5080341760,middle
W4382048741,A5100386125,first
W4382048741,A5101781204,last
W4382197431,A5002855381,last
W4382197431,A5052244841,middle
W4382197431,A5055294491,first
W4382197431,A5103660184,middle
W4382202712,A5071755515,first
W4382319519,A5006193331,last
W4382319519,A5019563508,middle
W4382319519,A5039061991,first
W4382319519,A5085992753,middle
W4382335225,A5006355592,last
W4382335225,A5037036621,first
W4382335225,A5038092936,middle
W4382335225,A5067341352,middle
W4382335225,A5071528383,middle
W4382335225,A5079680116,middle
W4382371735,A5005432885,first
W4382371735,A5006477607,middle
W4382371735,A5024102795,middle
W4382371735,A5078741092,last
W4382698960,A5011011359,last
W4382698960,A5092368162,first
W4382810982,A5000318376,last
W4382810982,A5060158725,first
W4382810982,A5074307984,middle
W4382810982,A5101526011,middle
W4382811166,A5013205698,middle
W4382811166,A5018755620,middle
W4382811166,A5027109480,middle
W4382811166,A5061622429,first
W4382811166,A5072563444,last
W4382811166,A5109451399,middle
W4382895266,A5022182639,last
W4382895266,A5064705419,middle
W4382895266,A5082311500,first
W4382895266,A5102881674,middle
W4383560003,A5054405269,middle
W4383560003,A5100740354,middle
W4383560003,A5102996200,first
W4383560003,A5103190586,last
W4383620526,A5023946220,middle
W4383620526,A5032152290,middle
W4383620526,A5063988510,middle
W4383620526,A5073381909,last
W4383620526,A5076444077,middle
W4383620526,A5081510162,middle
W4383620526,A5100418968,middle
W4383620526,A5100425839,first
W4383620526,A5101628585,middle
W4383620526,A5102958113,middle
W4383721094,A5039907536,first
W4383721094,A5051194250,last
W4383913283,A5019951946,first
W4383913283,A5111186382,last
W4383955446,A5038222386,last
W4383955446,A5049529533,first
W4383955446,A5070990928,middle
W4383955446,A5100408494,middle
W4384067368,A5043352718,middle
W4384067368,A5085581846,middle
W4384067368,A5086716119,middle
W4384067368,A5091309588,last
W4384067368,A5100413271,first
W4384069115,A5033468759,middle
W4384069115,A5036843846,last
W4384069115,A5062877879,first
W4384069115,A5070363238,middle
W4384069115,A5071347740,middle
W4384069115,A5082611298,middle
W4384197612,A5010920098,middle
W4384197612,A5049812833,last
W4384197612,A5081651324,first
W4384405814,A5006827230,first
W4384405814,A5047086595,middle
W4384405814,A5069551284,last
W4384817948,A5003368214,first
W4384817948,A5065801825,last
W4384822078,A5014524947,first
W4384822078,A5056603533,middle
W4384822078,A5085124830,last
W4384823618,A5035653383,first
W4384823618,A5057762915,last
W4384823934,A5058248739,first
W4384823934,A5060958836,middle
W4384823934,A5111120331,last
W4384934896,A5020454674,first
W4384934896,A5077452078,last
W4385156725,A5009341780,middle
W4385156725,A5042575200,middle
W4385156725,A5100365699,middle
W4385156725,A5100405230,middle
W4385156725,A5100435928,middle
W4385156725,A5100629269,first
W4385156725,A5102003367,last
W4385156725,A5102873064,middle
W4385224798,A5060735971,last
W4385224798,A5092536143,first
W4385349476,A5045821587,last
W4385349476,A5050089569,first
W4385364879,A5040805922,middle
W4385364879,A5047438553,middle
W4385364879,A5074507084,middle
W4385364879,A5100387313,middle
W4385364879,A5100777712,middle
W4385364879,A5105268108,first
W4385364879,A5113668148,last
W4385566558,A5025675252,last
W4385566558,A5075599732,middle
W4385566558,A5081673334,middle
W4385566558,A5084818732,middle
W4385566558,A5104473006,first
W4385582962,A5002554614,last
W4385582962,A5012682751,middle
W4385582962,A5077868480,first
W4385606791,A5006692999,middle
W4385606791,A5018421414,middle
W4385606791,A5026627913,middle
W4385606791,A5048383795,middle
W4385606791,A5053101991,first
W4385606791,A5060217565,middle
W4385606791,A5078391768,last
W4385606791,A5080161418,middle
W4385606791,A5091504243,middle
W4385614039,A5018724341,middle
W4385614039,A5059077090,middle
W4385614039,A5064683660,last
W4385614039,A5071591540,first
W4385635252,A5019458870,first
W4385635252,A5060474231,last
W4385700994,A5039907536,first
W4385700994,A5051194250,last
W4385728692,A5035740629,first
W4385728692,A5066866262,last
W4385728692,A5068640530,middle
W4385737858,A5057771990,last
W4385737858,A5086770795,middle
W4385737858,A5104154875,first
W4385768685,A5059204524,first
W4385768685,A5062187850,middle
W4385768685,A5100752356,last
W4385876747,A5013150230,middle
W4385876747,A5034347136,last
W4385876747,A5061829839,middle
W4385876747,A5065256405,middle
W4385876747,A5101898959,first
W4385876747,A5113696439,middle
W4386028223,A5006416038,middle
W4386028223,A5042341977,last
W4386028223,A5070975876,first
W4386028223,A5087365202,middle
W4386028223,A5100608830,middle
W4386028223,A5101792673,middle
W4386028223,A5108858303,middle
W4386099197,A5034218707,first
W4386099197,A5100335586,last
W4386136748,A5012712435,first
W4386136748,A5035555413,middle
W4386136748,A5070682362,last
W4386251630,A5021136987,last
W4386251630,A5040432443,middle
W4386251630,A5062627778,first
W4386251630,A5100355692,middle
W4386251630,A5101859990,middle
W4386286693,A5016980869,middle
W4386286693,A5034324329,middle
W4386286693,A5053672565,last
W4386286693,A5085145640,first
W4386286693,A5100452867,middle
W4386287756,A5029164573,first
W4386287756,A5051710693,last
W4386287756,A5077439097,middle
W4386391043,A5006242246,first
W4386391043,A5087846152,middle
W4386391043,A5089994425,middle
W4386391043,A5091500375,last
W4386391908,A5015727828,last
W4386391908,A5023206315,middle
W4386391908,A5075803181,first
W4386391908,A5112993099,middle
W4386416915,A5027679413,middle
W4386416915,A5056436780,first
W4386416915,A5069389579,middle
W4386416915,A5076027980,middle
W4386416915,A5086295431,last
W4386416915,A5114334565,middle
W4386422408,A5012560659,first
W4386422408,A5079991821,last
W4386510526,A5100885838,middle
W4386510526,A5103101979,first
W4386510526,A5112454511,last
W4386517577,A5006332127,middle
W4386517577,A5023980589,last
W4386517577,A5051063758,first
W4386517577,A5080271860,middle
W4386519770,A5009997391,middle
W4386519770,A5014306698,first
W4386519770,A5045179533,middle
W4386519770,A5063410638,last
W4386519770,A5101911815,middle
W4386526498,A5085052577,first
W4386526498,A5100637395,last
W4386572626,A5012682751,middle
W4386572626,A5027706080,last
W4386572626,A5035829078,first
W4386636345,A5033118514,middle
W4386636345,A5033431973,middle
W4386636345,A5085420080,last
W4386636345,A5100734635,first
W4386636345,A5101783051,middle
W4386689048,A5020729324,last
W4386689048,A5024830827,middle
W4386689048,A5029593713,middle
W4386689048,A5103188568,first
W4386724211,A5011292480,first
W4386724211,A5011574113,last
W4386776484,A5040374827,middle
W4386776484,A5046741675,first
W4386776484,A5084703478,last
W4386804684,A5015350333,middle
W4386804684,A5016368471,middle
W4386804684,A5081084530,first
W4386804684,A5100329219,last
W4386804684,A5100638019,middle
W4386804684,A5103177922,middle
W4386847093,A5030433440,last
W4386847093,A5083087081,middle
W4386847093,A5101468363,first
W4386862683,A5010789167,last
W4386862683,A5014626190,middle
W4386862683,A5108661596,first
W4386962827,A5011689156,last
W4386962827,A5016405223,middle
W4386962827,A5030018584,middle
W4386962827,A5030701447,middle
W4386962827,A5065441473,first
W4386962827,A5084309272,middle
W4386980375,A5000492580,last
W4386980375,A5064147835,first
W4386991635,A5030323127,first
W4386991635,A5089105523,middle
W4386991635,A5089615958,last
W4386991635,A5100460917,middle
W4386991635,A5100728173,middle
W4387020096,A5015315874,middle
W4387020096,A5041526343,middle
W4387020096,A5054194585,first
W4387020096,A5056940144,last
W4387020117,A5029174092,first
W4387020117,A5100741983,last
W4387104424,A5037070255,last
W4387104424,A5040309108,first
W4387140882,A5014273280,last
W4387140882,A5015020676,first
W4387140882,A5024775745,middle
W4387306238,A5024607215,last
W4387306238,A5051575292,middle
W4387306238,A5060949135,middle
W4387306238,A5078325881,first
W4387306238,A5085758758,middle
W4387335216,A5055294491,first
W4387335216,A5102177589,middle
W4387335216,A5103660184,middle
W4387335216,A5108142287,last
W4387338457,A5013716694,last
W4387338457,A5026855523,middle
W4387338457,A5053152975,middle
W4387338457,A5083112369,first
W4387338457,A5089371801,middle
W4387338457,A5104178375,middle
W4387338457,A5112918991,middle
W4387342382,A5008981006,first
W4387342382,A5033658073,last
W4387371722,A5004326236,middle
W4387371722,A5005343901,last
W4387371722,A5007348092,middle
W4387371722,A5043953788,first
W4387371722,A5051971369,middle
W4387371722,A5052555990,middle
W4387372193,A5002208932,middle
W4387372193,A5026964006,middle
W4387372193,A5038504786,first
W4387372193,A5055386790,middle
W4387372193,A5059112199,middle
W4387372193,A5100446290,last
W4387372193,A5100689691,middle
W4387372193,A5100752260,middle
W4387405999,A5001077726,middle
W4387405999,A5028305369,middle
W4387405999,A5051841656,first
W4387405999,A5074758085,middle
W4387405999,A5100628297,last
W4387536504,A5073982282,middle
W4387536504,A5104281296,last
W4387536504,A5108281397,middle
W4387536504,A5112330357,first
W4387653442,A5059357770,last
W4387653442,A5100370563,first
W4387653442,A5100688740,middle
W4387673491,A5015699943,last
W4387673491,A5043627328,middle
W4387673491,A5087626651,first
W4387673491,A5102567767,middle
W4387735499,A5067244774,middle
W4387735499,A5100377935,last
W4387735499,A5100671214,middle
W4387735499,A5104302004,first
W4387743441,A5008915336,middle
W4387743441,A5013136179,last
W4387743441,A5021935013,middle
W4387743441,A5069726997,first
W4387844912,A5009748764,middle
W4387844912,A5024473397,middle
W4387844912,A5053983423,first
W4387844912,A5057649942,last
W4387844912,A5065055884,middle
W4387844912,A5081678536,middle
W4387844912,A5100702092,middle
W4387938956,A5027168830,first
W4387971125,A5053542801,last
W4387971125,A5073221047,middle
W4387971125,A5073945123,first
W4387971835,A5103216766,first
W4387972140,A5016800697,first
W4387972140,A5039205000,middle
W4387972140,A5048111219,last
W4387972140,A5088135807,middle
W4388085316,A5100458928,last
W4388085316,A5100605099,middle
W4388085316,A5100670419,first
W4388085316,A5111982687,middle
W4388185627,A5031539491,first
W4388185627,A5045137489,last
W4388377845,A5011331148,first
W4388377845,A5051710693,last
W4388377845,A5077439097,middle
W4388377850,A5037780781,middle
W4388377850,A5069850104,last
W4388377850,A5100447783,middle
W4388377850,A5103022639,middle
W4388377850,A5104193607,first
W4390343183,A5022022325,middle
W4390343183,A5024966645,middle
W4390343183,A5049752480,middle
W4390343183,A5055535729,first
W4390343183,A5100324205,middle
W4390343183,A5100454158,last
W4390343183,A5100605099,middle
W4390502602,A5037947876,last
W4390502602,A5104089932,first
W4390521498,A5016509448,first
W4390521498,A5053012669,middle
W4390521498,A5086327977,last
W4390538319,A5002178808,first
W4390538319,A5081492188,last
W4390588308,A5029749178,middle
W4390588308,A5077665557,last
W4390588308,A5100649005,first
W4390607542,A5100660163,last
W4390607542,A5102802526,first
W4390612591,A5019044923,last
W4390612591,A5039799143,first
W4390619754,A5033470869,first
W4390619754,A5063602818,middle
W4390619754,A5079577986,last
W4390638660,A5010107824,first
W4390638660,A5020303183,last
W4390638660,A5102263458,middle
W4390638963,A5021767070,last
W4390638963,A5063972503,first
W4390650730,A5003352731,first
W4390650730,A5038831043,last
W4390664173,A5022241695,first
W4390664173,A5091376805,last
W4390664173,A5100418148,middle
W4390698144,A5002855381,last
W4390698144,A5049665961,middle
W4390698144,A5051710693,middle
W4390698144,A5052342684,first
W4390700611,A5011642893,middle
W4390700611,A5019466916,middle
W4390700611,A5027618698,first
W4390700611,A5066657873,middle
W4390700611,A5069071275,middle
W4390700611,A5089078890,middle
W4390700611,A5091178333,middle
W4390700611,A5100456045,middle
W4390700611,A5100726967,middle
W4390700611,A5100781207,middle
W4390700611,A5101275705,middle
W4390700611,A5103103102,last
W4390755696,A5041241151,last
W4390755696,A5054767133,middle
W4390755696,A5061043179,middle
W4390755696,A5111097493,first
W4390974023,A5000554000,last
W4390974023,A5055415748,middle
W4390974023,A5103162362,first
W4391052842,A5051371182,middle
W4391052842,A5083042521,last
W4391052842,A5085272093,middle
W4391052842,A5100396870,first
W4391218191,A5011376608,first
W4391218191,A5027893285,middle
W4391218191,A5050386762,last
W4391317914,A5000218612,middle
W4391317914,A5014782727,first
W4391317914,A5034636034,last
W4391321561,A5026595011,first
W4391321561,A5047501301,last
W4391321561,A5088297608,middle
W4391343475,A5011543714,middle
W4391343475,A5019810689,middle
W4391343475,A5036511259,last
W4391343475,A5102740628,middle
W4391343475,A5105826134,first
W4391343475,A5114169025,middle
W4391345988,A5012682751,last
W4391345988,A5024496136,first
W4391360895,A5009241024,middle
W4391360895,A5016339674,first
W4391360895,A5076026790,last
W4391360895,A5084078367,middle
W4391392562,A5053964127,last
W4391392562,A5062984384,first
W4391420283,A5007662084,last
W4391420283,A5076703122,first
W4391420283,A5086797487,middle
W4391420283,A5093553783,middle
W4391427613,A5013283955,middle
W4391427613,A5028037243,middle
W4391427613,A5045380530,middle
W4391427613,A5048675276,first
W4391427613,A5062275056,middle
W4391427613,A5080261836,last
W4391427613,A5101299408,middle
W4391485390,A5001856198,middle
W4391485390,A5011828401,first
W4391485390,A5025973604,last
W4391509716,A5008709748,last
W4391509716,A5037780781,middle
W4391509716,A5090835851,first
W4391509716,A5100456371,middle
W4391509716,A5100844173,middle
W4391509716,A5101300579,middle
W4391509716,A5112660954,middle
W4391509766,A5023004876,first
W4391509766,A5028219054,last
W4391509766,A5086367311,middle
W4391509766,A5093855294,middle
W4391509766,A5093855295,middle
W4391509766,A5113111669,middle
W4391511770,A5014459921,last
W4391511770,A5028244962,middle
W4391511770,A5073203752,first
W4391514619,A5024997249,last
W4391514619,A5053995691,first
W4391514718,A5013527762,last
W4391514718,A5100322289,middle
W4391514718,A5100614380,first
W4391514872,A5003861036,middle
W4391514872,A5065051130,first
W4391514872,A5100445659,last
W4391514872,A5100627256,middle
W4391514872,A5107031597,middle
W4391538100,A5048381590,last
W4391538100,A5055423767,first
W4391538100,A5101560617,middle
W4391538100,A5101964059,middle
W4391540015,A5007520571,first
W4391540015,A5045669725,middle
W4391540015,A5066004246,last
W4391541001,A5054407193,first
W4391541001,A5073357070,middle
W4391541001,A5085432173,last
W4391541001,A5101948445,middle
W4391541206,A5012247372,first
W4391576353,A5063696855,last
W4391576353,A5074521284,middle
W4391576353,A5079148234,first
W4391576353,A5100451412,middle
W4391576353,A5100691996,middle
W4391576353,A5100698996,middle
W4391611133,A5002244797,last
W4391611133,A5017526540,first
W4391611133,A5025416063,middle
W4391611133,A5051803444,middle
W4391645416,A5001746807,last
W4391645416,A5010472148,first
W4391645416,A5036801346,middle
W4391645416,A5051406984,middle
W4391654576,A5003113894,first
W4391654576,A5040430468,middle
W4391654576,A5058540009,last
W4391654576,A5070857897,middle
W4391679033,A5072853927,first
W4391679033,A5100378207,last
W4391679033,A5100384616,middle
W4391679033,A5108900100,middle
W4391693774,A5008292958,first
W4391693774,A5084641325,last
W4391738567,A5003799782,last
W4391738567,A5006488537,middle
W4391738567,A5008319011,first
W4391738567,A5051710693,middle
W4391738567,A5064081550,middle
W4391738567,A5067245090,middle
W4391738567,A5068911769,middle
W4391738567,A5072469505,middle
W4391749941,A5018529520,middle
W4391749941,A5046974263,middle
W4391749941,A5102616319,first
W4391749941,A5104242558,middle
W4391749941,A5112540741,last
W4391750002,A5048672189,last
W4391750002,A5086034088,first
W4391750002,A5101649139,middle
W4391750002,A5102980024,middle
W4391750982,A5003975347,last
W4391750982,A5024473397,middle
W4391750982,A5077953024,middle
W4391750982,A5081678536,first
W4391750982,A5085661326,middle
W4391774550,A5024052540,first
W4391774550,A5086527348,last
W4391782448,A5031336038,first
W4391782448,A5090363651,last
W4391799681,A5019540812,middle
W4391799681,A5060949135,middle
W4391799681,A5078325881,first
W4391799681,A5085758758,last
W4391799681,A5091500375,middle
W4391815309,A5015583050,first
W4391815309,A5036575786,middle
W4391815309,A5037336607,last
W4391815309,A5056668715,middle
W4391815608,A5001004189,last
W4391815608,A5013289712,middle
W4391815608,A5092397688,first
W4391815608,A5100311985,middle
W4391815608,A5109436211,middle
W4391816773,A5049221896,middle
W4391816773,A5074487575,last
W4391816773,A5087823737,first
W4391836500,A5013209021,middle
W4391836500,A5030050034,middle
W4391836500,A5037356449,middle
W4391836500,A5052129812,last
W4391836500,A5101496862,first
W4391836500,A5108978346,middle
W4391839537,A5101627932,last
W4391839537,A5103151232,first
W4391843091,A5001443386,middle
W4391843091,A5032432014,first
W4391843091,A5078763987,last
W4391843091,A5100443469,middle
W4391843091,A5100723207,middle
W4391843091,A5102945222,middle
W4391843683,A5055375649,first
W4391843683,A5062954161,middle
W4391843683,A5110216447,last
W4391876257,A5002855381,last
W4391876257,A5003724000,middle
W4391876257,A5051710693,middle
W4391876257,A5080133917,first
W4391876257,A5100458583,middle
W4391876257,A5101418559,middle
W4391881477,A5009749255,first
W4391881477,A5029648269,middle
W4391881477,A5032195278,middle
W4391881477,A5071407635,middle
W4391881477,A5101561618,last
W4391915341,A5010276918,middle
W4391915341,A5033912893,last
W4391915341,A5047972807,middle
W4391915341,A5093950339,first
W4391931465,A5032770006,middle
W4391931465,A5057697626,last
W4391931465,A5061528903,middle
W4391931465,A5074022699,middle
W4391931465,A5081157508,first
W4391942283,A5020399176,middle
W4391942283,A5026643759,last
W4391942283,A5060691634,middle
W4391942283,A5063915344,first
W4391942283,A5069072700,middle
W4391947388,A5011525995,middle
W4391947388,A5024357416,first
W4391947388,A5034828056,last
W4391947388,A5038096667,middle
W4391947388,A5053001881,middle
W4391947388,A5068430010,middle
W4391947388,A5068912729,middle
W4391953812,A5049838944,middle
W4391953812,A5067241967,middle
W4391953812,A5087999139,first
W4391953812,A5100458457,middle
W4391953812,A5101783854,last
W4391953812,A5101997806,middle
W4391965926,A5024823282,middle
W4391965926,A5030051063,last
W4391965926,A5032146560,first
W4391965926,A5054911526,middle
W4391965926,A5089796484,middle
W4391965926,A5101829601,middle
W4391988777,A5083300528,first
W4391988777,A5086125071,middle
W4391988777,A5100318133,last
W4391988777,A5100664136,middle
W4391988777,A5100737553,middle
W4392014548,A5012148158,last
W4392014548,A5016428631,middle
W4392014548,A5020658652,first
W4392014548,A5032123516,middle
W4392014548,A5077553626,middle
W4392014548,A5080674562,middle
W4392048306,A5015110943,last
W4392048306,A5075519523,first
W4392048306,A5084703478,middle
W4392058616,A5019951946,first
W4392058616,A5111186382,last
W4392077456,A5020364739,last
W4392077456,A5075617271,first
W4392095605,A5001270995,first
W4392095605,A5051710693,last
W4392095605,A5090566011,middle
W4392096151,A5024292688,middle
W4392096151,A5037990310,middle
W4392096151,A5078931218,middle
W4392096151,A5100337421,middle
W4392096151,A5100369916,middle
W4392096151,A5100459390,last
W4392096151,A5100634702,middle
W4392096151,A5101674460,middle
W4392096151,A5101882098,first
W4392098390,A5048265453,last
W4392098390,A5048376385,first
W4392109529,A5033805006,middle
W4392109529,A5060877857,first
W4392109529,A5064528936,last
W4392109529,A5082692385,middle
W4392160106,A5011070228,first
W4392160106,A5013636671,middle
W4392160106,A5030314469,last
W4392238943,A5081998360,first
W4392298624,A5034636278,middle
W4392298624,A5039035475,middle
W4392298624,A5043097997,middle
W4392298624,A5046987655,first
W4392298624,A5054763664,middle
W4392298624,A5060335798,last
W4392298624,A5061761891,middle
W4392298624,A5089640431,middle
W4392355236,A5023403556,last
W4392355236,A5100763147,middle
W4392355236,A5110109385,first
W4392356648,A5000218612,middle
W4392356648,A5066105968,first
W4392356648,A5078032335,last
W4392385305,A5007601689,middle
W4392385305,A5015299890,last
W4392385305,A5071937660,first
W4392385305,A5100617197,middle
W4392385305,A5101761507,middle
W4392387106,A5008749010,last
W4392387106,A5083925228,first
W4392387106,A5100455486,middle
W4392401953,A5004494709,first
W4392401953,A5019553116,last
W4392401953,A5084140678,middle
W4392545523,A5032262344,middle
W4392545523,A5050623306,middle
W4392545523,A5053941913,first
W4392545523,A5089986388,last
W4392545523,A5100297908,middle
W4392545523,A5100461883,middle
W4392545523,A5101314007,middle
W4392620581,A5001907851,first
W4392620581,A5007723735,middle
W4392620581,A5017034220,middle
W4392620581,A5030772128,middle
W4392620581,A5034672880,middle
W4392620581,A5035605378,middle
W4392620581,A5037953109,last
W4392620581,A5062007467,middle
W4392620581,A5084169112,middle
W4392620581,A5093011841,middle
W4392624827,A5014811100,first
W4392624827,A5087201377,last
W4392656047,A5012313832,first
W4392656047,A5075063043,last
W4392683354,A5011861646,last
W4392683354,A5101887990,first
W4392755978,A5017410083,first
W4392817605,A5042700750,first
W4392817605,A5067068847,middle
W4392817605,A5081042741,middle
W4392817605,A5106468368,last
W4392862067,A5042520826,last
W4392862067,A5052086121,first
W4392862067,A5077747673,middle
W4392862067,A5100586510,middle
W4392862067,A5100611706,middle
W4392862067,A5101710883,middle
W4392865184,A5001212991,last
W4392865184,A5013151488,middle
W4392865184,A5016660801,middle
W4392865184,A5017768318,first
W4392865184,A5065941595,middle
W4392865184,A5072482402,middle
W4392896772,A5003329348,first
W4392896772,A5045992049,last
W4392925654,A5038375177,middle
W4392925654,A5068860197,last
W4392925654,A5071882941,middle
W4392925654,A5100392446,first
W4392953330,A5001104227,middle
W4392953330,A5004446802,first
W4392953330,A5018974025,middle
W4392953330,A5049963017,last
W4392954469,A5086331722,first
W4392954469,A5112353924,last
W4393115804,A5079815210,first
W4393115836,A5052433644,last
W4393115836,A5074094490,middle
W4393115836,A5100585388,middle
W4393115836,A5100712167,first
W4393115836,A5100750859,middle
W4393115925,A5026964588,middle
W4393115925,A5037444970,last
W4393115925,A5051710693,middle
W4393115925,A5100324346,middle
W4393115925,A5100436505,middle
W4393115925,A5102254008,first
W4393232293,A5007869905,last
W4393232293,A5016120882,middle
W4393232293,A5060498232,first
W4393232293,A5065595678,middle
W4393232293,A5113031446,middle
W4393281585,A5040301804,last
W4393281585,A5089593510,first
W4393311190,A5023506216,middle
W4393311190,A5086712669,middle
W4393311190,A5089615958,last
W4393311190,A5100606562,first
W4393311190,A5100904986,middle
W4393316745,A5005346086,middle
W4393316745,A5049303689,first
W4393316745,A5088791460,last
W4393316745,A5091982923,middle
W4393343355,A5022613820,first
W4393343355,A5029547855,middle
W4393343355,A5058396473,middle
W4393343355,A5068430767,middle
W4393343355,A5073274924,last
W4393354793,A5010645622,first
W4393385749,A5014911444,last
W4393385749,A5021979347,middle
W4393385749,A5036048501,middle
W4393385749,A5108052662,first
W4393387322,A5043469036,first
W4393387322,A5055407692,middle
W4393387322,A5056901337,middle
W4393387322,A5064941728,last
W4393397186,A5034047775,middle
W4393397186,A5052624521,last
W4393397186,A5061655810,middle
W4393397186,A5088413924,first
W4393397186,A5102438019,middle
W4393509883,A5017613139,middle
W4393509883,A5017968460,middle
W4393509883,A5039465981,last
W4393509883,A5076835782,middle
W4393509883,A5101654199,first
W4393928775,A5020105973,middle
W4393928775,A5053436240,middle
W4393928775,A5060989288,first
W4393928775,A5062165084,last
W4393928775,A5104270626,middle
W4393928775,A5108258986,middle
W4393983860,A5001125873,first
W4393983860,A5011636952,middle
W4393983860,A5017346745,middle
W4393983860,A5025769177,middle
W4393983860,A5051134098,middle
W4393983860,A5056240813,middle
W4393983860,A5059512412,last
W4393983860,A5103070560,middle
W4393987991,A5067694887,first
W4393987991,A5100764713,last
W4394724000,A5058291454,middle
W4394724000,A5071858635,first
W4394724000,A5074920542,middle
W4394724000,A5084348345,middle
W4394724000,A5100627256,last
W4394760969,A5018012580,last
W4394760969,A5033088568,middle
W4394760969,A5034117890,first
W4394760969,A5037400048,middle
W4394760969,A5066568365,middle
W4394760969,A5066670639,middle
W4394760969,A5074298865,middle
W4394760969,A5079371152,middle
W4394760969,A5091998697,middle
W4394760969,A5103566198,middle
W4394784587,A5010425995,middle
W4394784587,A5014863005,middle
W4394784587,A5016689888,first
W4394784587,A5047828984,middle
W4394784587,A5048033238,middle
W4394784587,A5051607028,middle
W4394784587,A5067604451,middle
W4394784587,A5070270772,middle
W4394784587,A5081384199,last
W4394785854,A5035459209,middle
W4394785854,A5054879435,first
W4394785854,A5072737251,last
W4394785854,A5100400871,middle
W4394785854,A5101742243,middle
W4394785854,A5101783854,middle
W4394788526,A5008833108,middle
W4394788526,A5032950613,first
W4394788526,A5035297085,middle
W4394788526,A5045922629,last
W4394788526,A5078441040,middle
W4394797690,A5001443386,middle
W4394797690,A5043933089,middle
W4394797690,A5051454847,first
W4394797690,A5101459503,last
W4394797690,A5101517087,middle
W4394797690,A5102945222,middle
W4394797690,A5109617135,middle
W4394804833,A5010520770,middle
W4394804833,A5016963620,last
W4394804833,A5017285624,middle
W4394804833,A5035347985,middle
W4394804833,A5056251028,middle
W4394804833,A5066064427,first
W4394804833,A5067154136,middle
W4394804833,A5075603267,middle
W4394804833,A5087881076,middle
W4394810480,A5030755895,middle
W4394810480,A5052766876,middle
W4394810480,A5081882547,last
W4394810480,A5089088413,first
W4394810480,A5091489915,middle
W4394810480,A5095692383,middle
W4394822791,A5070101306,middle
W4394822791,A5101683574,first
W4394822791,A5104281232,last
W4394879135,A5003847848,middle
W4394879135,A5061254323,middle
W4394879135,A5061363970,first
W4394879135,A5084970962,last
W4394927283,A5009236758,middle
W4394927283,A5025342513,middle
W4394927283,A5026591190,middle
W4394927283,A5034280984,middle
W4394927283,A5038925727,first
W4394927283,A5062646838,middle
W4394927283,A5086755250,last
W4395046137,A5010555077,middle
W4395046137,A5055034748,last
W4395046137,A5100688418,middle
W4395046137,A5109680819,first
W4395047770,A5001104882,middle
W4395047770,A5014716105,middle
W4395047770,A5047127750,middle
W4395047770,A5076644778,first
W4395047770,A5104239635,last
W4395070930,A5052187157,middle
W4395070930,A5054194585,last
W4395070930,A5060840134,first
W4395074139,A5019696531,middle
W4395074139,A5055996958,first
W4395074139,A5059739611,middle
W4395074139,A5084635828,last
W4395074139,A5112197817,middle
W4395115917,A5006242246,first
W4395115917,A5023403556,middle
W4395115917,A5057176691,middle
W4395115917,A5060937860,middle
W4395115917,A5065388273,last
W4395115917,A5101961350,middle
W4395462076,A5040640075,middle
W4395462076,A5079507190,middle
W4395462076,A5085034566,last
W4395462076,A5093776079,first
W4395702599,A5035048973,middle
W4395702599,A5082998387,middle
W4395702599,A5100640128,last
W4395702599,A5100764177,first
W4396238295,A5064694591,middle
W4396238295,A5108209096,last
W4396238295,A5108868355,first
W4396578638,A5075941954,first
W4396578638,A5086790831,last
W4396578638,A5100660168,middle
W4396585666,A5018928127,first
W4396585666,A5040626895,last
W4396585666,A5071090567,middle
W4396618297,A5000482287,middle
W4396618297,A5011429131,middle
W4396618297,A5036729806,middle
W4396618297,A5042194412,middle
W4396618297,A5050776780,middle
W4396618297,A5058669446,middle
W4396618297,A5063638455,last
W4396618297,A5075378943,middle
W4396618297,A5083499645,first
W4396623743,A5000706566,middle
W4396623743,A5008727783,first
W4396623743,A5044883250,middle
W4396623743,A5060840215,middle
W4396623743,A5101348015,last
W4396623743,A5101957355,middle
W4396696684,A5060926543,middle
W4396696684,A5063696991,first
W4396696684,A5066241737,last
W4396764002,A5007495665,first
W4396764002,A5016686829,middle
W4396764002,A5101350675,last
W4396773505,A5034354083,last
W4396773505,A5050942308,middle
W4396773505,A5066911204,first
W4396773505,A5068331721,middle
W4396773505,A5100701158,middle
W4396778191,A5029655133,first
W4396778191,A5040807448,last
W4396778191,A5087695079,middle
W4396779723,A5003621386,last
W4396779723,A5023002566,first
W4396779723,A5055206397,middle
W4396873218,A5051451361,middle
W4396873218,A5057914321,middle
W4396873218,A5060714692,first
W4396873218,A5063378661,last
W4396873218,A5064564307,middle
W4396873218,A5100388920,middle
W4396873218,A5101912402,middle
W4396916335,A5006993319,middle
W4396916335,A5013523706,middle
W4396916335,A5014010051,middle
W4396916335,A5021034143,first
W4396916335,A5068381772,last
W4396955095,A5018974025,last
W4396955095,A5048064404,first
W4396955095,A5101914038,middle
W4396965959,A5001284645,first
W4396965959,A5033585021,last
W4396965959,A5042048342,middle
W4396965959,A5098665142,middle
W4396965959,A5101354916,middle
W4396966254,A5004131475,middle
W4396966254,A5035125196,middle
W4396966254,A5050901424,last
W4396966254,A5088271778,middle
W4396966254,A5100400525,middle
W4396966254,A5101683606,first
W4396975530,A5027991229,first
W4396975530,A5028377983,middle
W4396975530,A5065128861,last
W4396975530,A5079773457,middle
W4398144766,A5019175342,middle
W4398144766,A5037801696,last
W4398144766,A5071706404,first
W4398167322,A5006355294,last
W4398167322,A5098730957,first
W4398175652,A5009023776,first
W4398216873,A5000700211,middle
W4398216873,A5003333516,middle
W4398216873,A5019606366,last
W4398216873,A5100650553,middle
W4398216873,A5101192599,first
W4398216873,A5101883568,middle
W4398241625,A5012659616,middle
W4398241625,A5026035207,middle
W4398241625,A5056007719,last
W4398241625,A5064572247,middle
W4398241625,A5069260620,middle
W4398241625,A5079102774,middle
W4398241625,A5090851404,middle
W4398241625,A5100373563,middle
W4398241625,A5100377935,middle
W4398241625,A5100393417,first
W4398241625,A5100441116,middle
W4398241625,A5100515878,middle
W4398241625,A5100551210,middle
W4398241625,A5100604780,middle
W4398241625,A5100615908,middle
W4398241625,A5100728718,middle
W4398241625,A5100844032,middle
W4398241625,A5101161061,middle
W4398241625,A5101456454,middle
W4398241625,A5101588398,middle
W4398241625,A5102767749,middle
W4398243979,A5030186745,middle
W4398243979,A5037089910,middle
W4398243979,A5100438525,first
W4398243979,A5102790255,last
W4398762581,A5018324689,last
W4398762581,A5024619778,first
W4398768748,A5001499305,last
W4398768748,A5083814424,first
W4398768748,A5098810807,middle
W4399033024,A5028898335,last
W4399033024,A5067197579,middle
W4399033024,A5098849665,first
W4399033024,A5098849666,middle
W4399033024,A5098849667,middle
W4399033842,A5008808988,middle
W4399033842,A5055590426,first
W4399033842,A5066219856,last
W4399033842,A5077270486,middle
W4399033842,A5101334471,middle
W4399033842,A5113118500,middle
W4399073357,A5040301937,last
W4399073357,A5056314821,first
W4399095033,A5001742109,first
W4399095033,A5012004938,middle
W4399095033,A5101691950,last
W4399138486,A5037655602,middle
W4399138486,A5076386063,middle
W4399138486,A5082994028,first
W4399138486,A5089615958,last
W4399138486,A5103220621,middle
W4399139300,A5020293412,middle
W4399139300,A5023377065,first
W4399139300,A5100640128,last
W4399139300,A5101980692,middle
W4399189200,A5000783213,last
W4399189200,A5032883585,middle
W4399189200,A5073211491,first
W4399247252,A5078669433,first
W4399247252,A5100447290,middle
W4399247252,A5101443109,middle
W4399247252,A5102680165,middle
W4399247252,A5109291830,last
W4399265026,A5002819875,middle
W4399265026,A5021472424,middle
W4399265026,A5027327484,middle
W4399265026,A5028898335,last
W4399265026,A5037222998,middle
W4399265026,A5067197579,middle
W4399265026,A5083427785,middle
W4399265026,A5112969207,first
W4399293963,A5054194585,last
W4399293963,A5066810703,first
W4399293963,A5077313732,middle
W4399293963,A5100330428,middle
W4399293963,A5108938918,middle
W4399370694,A5063742874,first
W4399370694,A5113240952,last
W4399384347,A5035486559,last
W4399384347,A5100332921,first
W4399385695,A5004720047,last
W4399385695,A5006749051,middle
W4399385695,A5046103484,middle
W4399385695,A5069969191,middle
W4399385695,A5100444820,first
W4399390955,A5009473482,middle
W4399390955,A5071165858,middle
W4399390955,A5075395770,last
W4399390955,A5085956666,middle
W4399390955,A5089777829,first
W4399390955,A5093560721,middle
W4399439301,A5061265936,first
W4399439301,A5102011846,last
W4399508110,A5020766586,middle
W4399508110,A5055288995,first
W4399508110,A5081721894,last
W4399508110,A5084384774,middle
W4399508110,A5091531578,middle
W4399514805,A5006993319,middle
W4399514805,A5013523706,first
W4399514805,A5014010051,middle
W4399514805,A5021034143,middle
W4399514805,A5068381772,last
W4399528666,A5000447912,first
W4399528666,A5057072317,last
W4399647325,A5001565189,middle
W4399647325,A5002340412,last
W4399647325,A5063730649,first
W4399647325,A5085644838,middle
W4399647325,A5091909389,middle
W4399647329,A5046654644,first
W4399647329,A5066352610,middle
W4399647329,A5071607720,last
W4399647329,A5100408679,middle
W4399647329,A5113250741,middle
W4399703985,A5008643553,middle
W4399703985,A5083356789,last
W4399703985,A5093045284,first
W4399732303,A5038002405,last
W4399732303,A5058063369,middle
W4399732303,A5059577111,middle
W4399732303,A5092117234,first
W4399732303,A5099162765,middle
W4399732303,A5110552553,middle
W4399750638,A5011694726,middle
W4399750638,A5020085889,first
W4399750638,A5020387498,middle
W4399750638,A5028614556,middle
W4399750638,A5048979254,middle
W4399750638,A5053978668,middle
W4399750638,A5054272337,middle
W4399750638,A5063210265,middle
W4399750638,A5074225885,middle
W4399750638,A5074423181,last
W4399750638,A5081956313,middle
W4399750638,A5100352892,middle
W4399750638,A5100635681,middle
W4399750638,A5100650289,middle
W4399750638,A5101413852,middle
W4399750638,A5102402148,middle
W4399750638,A5106468718,middle
W4399812200,A5023842961,middle
W4399812200,A5057757489,first
W4399812200,A5072534068,last
W4399819227,A5012313832,first
W4399819227,A5075063043,last
W4399861297,A5073264981,middle
W4399861297,A5074972722,middle
W4399861297,A5079461118,middle
W4399861297,A5100355692,last
W4399861297,A5100365435,first
W4399861297,A5100596940,middle
W4399861297,A5106667425,middle
W4399866754,A5036830251,middle
W4399866754,A5093438742,middle
W4399866754,A5093438743,middle
W4399866754,A5101842603,first
W4399866754,A5103245440,last
W4399866754,A5109735711,middle
W4399891747,A5018735750,middle
W4399891747,A5051924891,first
W4399891747,A5053883070,last
W4399891747,A5085387380,middle
W4399891747,A5091533064,middle
W4399901928,A5062926793,middle
W4399901928,A5072553847,first
W4399901928,A5101384034,last
W4399901928,A5113798290,middle
W4399906292,A5005936715,last
W4399906292,A5009822141,first
W4399906292,A5016393348,middle
W4399906292,A5100401724,middle
W4399906580,A5020641681,last
W4399906580,A5044259885,middle
W4399906580,A5082630876,first
W4399980490,A5001015695,last
W4399980490,A5102007140,first
W4400009431,A5001298748,middle
W4400009431,A5018877986,last
W4400009431,A5090827263,middle
W4400009431,A5092582485,first
W4400017284,A5000436758,last
W4400017284,A5024746666,middle
W4400017284,A5074225709,middle
W4400017284,A5092276387,first
W4400057092,A5002819875,middle
W4400057092,A5021472424,middle
W4400057092,A5027327484,middle
W4400057092,A5028898335,last
W4400057092,A5037222998,middle
W4400057092,A5067197579,middle
W4400057092,A5083427785,middle
W4400057092,A5112969207,first
W4400184963,A5088115654,first
W4400184963,A5100620082,last
W4400184963,A5107301884,middle
W4400241414,A5000102178,last
W4400241414,A5073023307,middle
W4400241414,A5077817609,first
W4400261301,A5019951105,middle
W4400261301,A5037320179,first
W4400261301,A5084419965,last
W4400316603,A5067888843,first
W4400330855,A5015497605,middle
W4400330855,A5037379072,last
W4400330855,A5071018798,middle
W4400330855,A5081455802,middle
W4400330855,A5084304206,middle
W4400330855,A5099160668,first
W4400333635,A5019845288,middle
W4400333635,A5064083580,last
W4400333635,A5077133238,middle
W4400333635,A5100373666,middle
W4400333635,A5100388053,first
W4400333635,A5100757350,middle
W4400333635,A5103217398,middle
W4400333635,A5103221421,middle
W4400367989,A5000422509,middle
W4400367989,A5014235931,first
W4400367989,A5023427388,last
W4400367989,A5046121356,middle
W4400369674,A5052177862,last
W4400369674,A5058550256,first
W4400369674,A5100703050,middle
W4400369674,A5101393682,middle
W4400369674,A5102518596,middle
W4400369674,A5104344508,middle
W4400424436,A5044017028,first
W4400424436,A5051019965,last
W4400424436,A9999999999,middle
W4400425046,A5041505043,middle
W4400425046,A5079425523,middle
W4400425046,A5101584241,last
W4400425046,A9999999999,first
W4400425046,A9999999999,middle
W4400429759,A5045945000,first
W4400429759,A9999999999,middle
W4400429759,A9999999999,last
W4400454376,A5035835846,middle
W4400454376,A5055963919,middle
W4400454376,A5087695079,last
W4400454376,A5092726605,first
W4400507813,A5002905491,middle
W4400507813,A5045614362,middle
W4400507813,A5046828458,first
W4400507813,A5074112387,last
W4400507813,A5082036181,middle
W4400529244,A5062431070,last
W4400529244,A5103308904,first
W4400529443,A5045380530,middle
W4400529443,A5048675276,first
W4400529443,A5059789868,middle
W4400529443,A5065661520,last
W4400529443,A5100360194,middle
W4400529443,A5104348090,middle
W4400533311,A5025967090,last
W4400533311,A5101969222,first
W4400583786,A5028068954,last
W4400583786,A5038085732,middle
W4400583786,A5056436780,first
W4400583786,A5067926804,middle
W4400607621,A5015700005,middle
W4400607621,A5065562930,middle
W4400607621,A5073787834,first
W4400607621,A5100720909,middle
W4400607621,A5104433796,last
W4400607621,A5111256335,middle
W4400692945,A5022884973,middle
W4400692945,A5048223855,last
W4400692945,A5051710693,middle
W4400692945,A5080364045,first
W4400692945,A5093707717,middle
W4400692945,A5113237166,middle
W4400695119,A5014237652,last
W4400695119,A5036528804,first
W4400699794,A5089236453,last
W4400699794,A5113291848,first
W4400700713,A5001134659,first
W4400700713,A5064305117,middle
W4400700713,A5066017048,middle
W4400700713,A5088154815,last
W4400700713,A5101979542,middle
W4400857405,A5004794956,last
W4400857405,A5009172078,middle
W4400857405,A5025165146,first
W4400857405,A5032546313,middle
W4400857405,A5100776339,middle
W4400857494,A5005705210,last
W4400857494,A5023496317,middle
W4400857494,A5079769536,first
W4400895761,A5024153751,last
W4400895761,A5031694049,first
W4400921784,A5013287421,last
W4400921784,A5064722162,middle
W4400921784,A5077515483,middle
W4400921784,A5100354322,middle
W4400921784,A5101759314,first
W4400921784,A5101839498,middle
W4401009456,A5003147487,last
W4401009456,A5069410082,middle
W4401009456,A5105097969,first
W4401011076,A5025780758,first
W4401011076,A5029168469,last
W4401016008,A5015261333,last
W4401016008,A5037722869,first
W4401016008,A5114376321,middle
W4401049089,A5053960408,middle
W4401049089,A5068701347,last
W4401049089,A5078523903,first
W4401049089,A5100629975,middle
W4401049089,A5101593381,middle
W4401057135,A5022975807,first
W4401057135,A5100605601,last
W4401057135,A5101429344,middle
W4401057135,A5109125655,middle
W4401064736,A5015862473,middle
W4401064736,A5050006711,middle
W4401064736,A5067875151,first
W4401064736,A5069814835,middle
W4401064736,A5100765992,middle
W4401064736,A5103047092,last
W4401101780,A5037355389,middle
W4401101780,A5044418860,last
W4401101780,A5068533597,middle
W4401101780,A5080349541,middle
W4401101780,A5084091019,middle
W4401101780,A5088890592,first
W4401101780,A5102923621,middle
W4401179606,A5065757714,middle
W4401179606,A5100322864,last
W4401179606,A5100663794,first
W4401375515,A5020773915,last
W4401375515,A5024952368,middle
W4401375515,A5061896312,middle
W4401375515,A5089450091,first
W4401375515,A5103016306,middle
