work_id,author_id,institution_id
W3038105864,A5045991385,I31847773
W3038105864,A5101474113,I31847773
W3044723170,A5023845728,I4210145761
W3044723170,A5052236177,I35440088
W3044723170,A5061511561,I149594827
W3044723170,A5067858777,I149594827
W3044723170,A5100753229,I149594827
W3044723170,A5100757725,I149594827
W3044723170,A5101645108,I149594827
W3044723170,A5102363952,I149594827
W3113149630,A5002143669,I130442723
W3113149630,A5060005929,I180825142
W3120390034,A5033921097,I1323252656
W3120390034,A5036357777,I51532219
W3120390034,A5047197696,I185523456
W3120390034,A5100752356,I172675005
W3132799678,A5021827481,I108468826
W3132799678,A5024292688,I91656880
W3132799678,A5037990310,I9341345
W3132799678,A5075100287,I9224756
W3132799678,A5100337412,I9224756
W3132799678,A5100369916,I9224756
W3132799678,A5100634702,I9224756
W3132799678,A5101674458,I9224756
W3135369575,A5017444948,I96673099
W3135369575,A5038065289,I142263535
W3135369575,A5081644845,I32062511
W3135369575,A5082375941,I195460627
W3140416988,A5011889214,I5593406
W3140416988,A5012450004,I5593406
W3140416988,A5109493868,I5593406
W3140416988,A5110752821,I5593406
W3147852756,A5011531387,I181391015
W3147852756,A5087256235,I181391015
W3156829097,A5007082510,I23878562
W3156829097,A5033486668,I159176309
W3156829097,A5040711005,I2802442800
W3156829097,A5040711005,I33256026
W3156829097,A5074945731,I23878562
W3156829097,A5102025003,I159176309
W3161207330,A5007460835,I172675005
W3161207330,A5022280034,I172675005
W3161207330,A5038994448,I172675005
W3161207330,A5072407590,I172675005
W3161207330,A5100752356,I172675005
W3164401570,A5013054127,I66862912
W3164401570,A5013054127,I881427289
W3164401570,A5014204943,I66862912
W3164401570,A5014204943,I881427289
W3164401570,A5018302442,I66862912
W3164401570,A5018302442,I881427289
W3164401570,A5019660414,I881427289
W3164401570,A5055380138,I66862912
W3164401570,A5055380138,I881427289
W3164401570,A5079115181,I90267481
W3164401570,A5086301780,I66862912
W3164401570,A5086301780,I881427289
W3180604690,A5004401828,I26072440
W3180604690,A5030289462,I26072440
W3183048323,A5014313436,I62916508
W3183048323,A5015245862,I62916508
W3183048323,A5035787368,I62916508
W3183048323,A5043510754,I62916508
W3183048323,A5050478468,I62916508
W3183048323,A5050670407,I62916508
W3183048323,A5068384981,I62916508
W3183048323,A5077548608,I37461747
W3183048323,A5078308635,I62916508
W3183048323,A5085894202,I62916508
W3183048323,A5089829631,I2898391981
W3183048323,A5100668167,I2898391981
W3183048323,A5101708763,I62916508
W3183048323,A5101883045,I62916508
W3183420623,A5054569164,I121797337
W3183420623,A5062774048,I121797337
W3183420623,A5085542421,I121797337
W3183903096,A5057857099,I108403487
W3183903096,A5073814691,I108403487
W3191514888,A5037990310,I9341345
W3191514888,A5064208724,I9224756
W3191514888,A5076172277,I916048824
W3191514888,A5100369916,I9224756
W3191514888,A5100462858,I9224756
W3200113267,A5031377954,I4210100151
W3200113267,A5055759473,I4210116811
W3200113267,A5056110552,I4210100151
W3200113267,A5084205574,I4210100151
W3201412947,A5015328755,I166337079
W3201412947,A5042011218,I166337079
W3201412947,A5084184776,I166337079
W3201412947,A5100355692,I166337079
W3201412947,A5101477157,I166337079
W3216755252,A5001699131,I878454856
W3216755252,A5026504154,I878454856
W3216755252,A5071787646,I878454856
W4205250680,A5027064648,I10008193
W4205250680,A5055351743,I10008193
W4205334324,A5040477292,I173093425
W4205334324,A5075257227,I4210114178
W4205378885,A5074535293,I185163786
W4205378885,A5082639293,I120238654
W4205440051,A5040477292,I173093425
W4205632368,A5086068094,I173759888
W4205632368,A5086068094,I24185976
W4205632368,A5100437308,I24185976
W4205655330,A5001270995,I172780181
W4205655330,A5024802129,I184999862
W4205655330,A5054957490,I3130814776
W4205655330,A5054957490,I5100685
W4205655330,A5060070395,I3130814776
W4205655330,A5060070395,I5100685
W4205812147,A5019387999,I41549804
W4205812147,A5021111688,I41549804
W4205939747,A5024549341,I37796252
W4205939747,A5060494556,I37796252
W4205939747,A5085117395,I37796252
W4206016550,A5017406967,I2799752099
W4206016550,A5017406967,I4210164135
W4206016550,A5029287956,I2799752099
W4206016550,A5029287956,I4210164135
W4206016550,A5109425857,I2799752099
W4206016550,A5109425857,I4210164135
W4206041150,A5010320097,I154864474
W4206075111,A5016800697,I41549804
W4206075111,A5039205000,I41549804
W4206075111,A5048111219,I26285277
W4206094475,A5009309241,I69737025
W4206094475,A5055991257,I69737025
W4206094475,A5058133910,I69737025
W4206094475,A5063250732,I69737025
W4206094475,A5070606998,I69737025
W4206094475,A5070629635,I170935008
W4206195463,A5001618198,I167274908
W4206195463,A5048672189,I152743029
W4206195463,A5050430249,I9356336
W4206195463,A5074332958,I150807315
W4206195463,A5100460994,I4800084
W4206195463,A5101649139,I27462735
W4206417793,A5015760773,I17145004
W4206417793,A5051363614,I17145004
W4206417793,A5061208595,I17145004
W4206417793,A5100396348,I9916479
W4206417793,A5100748115,I9916479
W4206417793,A5101718582,I17145004
W4206515154,A5065969365,I75955062
W4206515154,A5111041201,I75955062
W4206588195,A5003627091,I875944469
W4206588195,A5080000811,I875944469
W4206681343,A5009089390,I131729948
W4206681343,A5027091353,I131729948
W4206681343,A5069836459,I131729948
W4206722902,A5020525219,I106118109
W4206740177,A5014647743,I196486160
W4206740177,A5075411702,I196486160
W4206740177,A5082370308,I196486160
W4206740177,A5112449340,I196486160
W4206780588,A5007040136,I33213144
W4206780588,A5042514819,I3129773123
W4206780588,A5079889916,I887998513
W4206780588,A5100605662,I3129773123
W4206983514,A5002344438,I165745306
W4206983514,A5025326752,I165745306
W4206983514,A5034239339,I79510175
W4206983514,A5070406038,I165745306
W4206983514,A5101623663,I165745306
W4206983514,A5102779840,I165745306
W4210410512,A5066303253,I159247623
W4210410512,A5079325992,I159247623
W4210410512,A5082912139,I159247623
W4210542188,A5012505948,I3131779051
W4210542188,A5042905745,I193260172
W4210542188,A5048575411,I143923087
W4210542188,A5056863498,I2801278263
W4210542188,A5069290393,I143923087
W4210542188,A5076814657,I2801278263
W4210542188,A5082151433,I143923087
W4210542188,A5083259460,I139322472
W4210542188,A5101699433,I75357094
W4210542188,A5112735320,I143923087
W4210542188,A5113964067,I4210142644
W4210631880,A5064572247,I183519381
W4210631880,A5069260620,I4210161892
W4210631880,A5100393417,I99065089
W4210631880,A5100441116,I4210119648
W4210631880,A5100604784,I200296433
W4210631880,A5100604784,I2801228662
W4210631880,A5100615908,I183519381
W4210631880,A5100629869,I99065089
W4210631880,A5100679575,I4210095236
W4210631880,A5102767749,I183519381
W4210631880,A5102767749,I4210147332
W4210763735,A5040007583,I37796252
W4210763735,A5040305670,I5400463
W4210763735,A5047996342,I5400463
W4210763735,A5048394282,I2802902501
W4210763735,A5060846150,I5400463
W4210763735,A5086533220,I37796252
W4210780574,A5024534526,I114017466
W4210780574,A5036801346,I114017466
W4210780574,A5051406984,I204512498
W4210780574,A5100461646,I114017466
W4210780574,A5101762278,I114017466
W4210827551,A5006316699,I189109744
W4210827551,A5101958981,I8977528
W4210827551,A5111830527,I189109744
W4210909794,A5007842569,I859038795
W4210909794,A5056670558,I859038795
W4210909794,A5060460337,I859038795
W4211060568,A5032464773,I160993911
W4211060568,A5034095159,I160993911
W4211060568,A5038839161,I160993911
W4211060568,A5075801361,I103703290
W4211060568,A5101949313,I181727666
W4212811301,A5071610625,I172675005
W4212811301,A5084610901,I172675005
W4212811301,A5089225379,I172675005
W4212976523,A5001490863,I107640659
W4212976523,A5019842095,I180726961
W4212976523,A5077665557,I139660479
W4212976523,A5100649005,I139660479
W4212976523,A5101542273,I139660479
W4213347256,A5040705853,I3130751423
W4213347256,A5086232209,I170215575
W4213347256,A5101821254,I170215575
W4214551700,A5027364983,I3129367976
W4214551700,A5113471027,I3129367976
W4214667230,A5006907239,I4210163293
W4214944148,A5003891871,I39333907
W4214944148,A5007660110,I39333907
W4214944148,A5049529533,I39333907
W4214944148,A5050659799,I39333907
W4220698980,A5042895349,I157773358
W4220698980,A5088111638,I196699116
W4220698980,A5100306850,I19820366
W4220698980,A5100306850,I4210112150
W4220698980,A5113600509,I4210100255
W4220698980,A5113600509,I4210165038
W4220717373,A5017034254,I76903346
W4220717373,A5018458084,I181401687
W4220717373,A5040369618,I46597724
W4220717373,A5058183984,I182534213
W4220717373,A5058183984,I4210157425
W4220717373,A5065859612,I76903346
W4220717373,A5082299802,I4210111164
W4220717373,A5090921348,I173304897
W4220736817,A5061277148,I28777354
W4220736817,A5100671418,I197347611
W4220756552,A5068555962,I159247623
W4220756552,A5079264025,I192398990
W4220756552,A5079704928,I192398990
W4220813863,A5000810293,I111599522
W4220813863,A5016108763,I111599522
W4220813863,A5066518779,I111599522
W4220813863,A5101685102,I111599522
W4220813863,A5110971630,I111599522
W4220842692,A5043909146,I163340411
W4220842692,A5052251666,I163340411
W4220842692,A5076657750,I173304897
W4220842692,A5076657750,I4210095677
W4220842692,A5100373218,I200845125
W4220842692,A5100462096,I163340411
W4220864385,A5022963336,I4210085960
W4220864385,A5044893740,I196664497
W4220864385,A5045954225,I196664497
W4220864385,A5058725046,I113686770
W4220864385,A5077241213,I196664497
W4220891597,A5012855986,I22716506
W4220891597,A5056684326,I4210136859
W4220912476,A5002238970,I183111857
W4220912476,A5002942261,I144581915
W4220912476,A5080348548,I144581915
W4220912476,A5086100690,I4576418
W4220922919,A5016645126,I142108993
W4220922919,A5031931063,I142108993
W4220922919,A5100634348,I130438778
W4220922919,A5103070400,I25355098
W4220969749,A5027080458,I102808428
W4220969749,A5049759330,I102808428
W4220969749,A5054194585,I162030827
W4220969749,A5059970577,I102808428
W4220969749,A5081617835,I102808428
W4220969749,A5084554925,I102808428
W4220986642,A5010175452,I165932596
W4220986642,A5101652892,I196699116
W4220986642,A5101670958,I196699116
W4220986642,A5103253232,I196699116
W4221010276,A5066969401,I170979836
W4221010276,A5083175579,I170979836
W4221010276,A5090399155,I170979836
W4221032146,A5012742956,I35462925
W4221032146,A5020127599,I33926330
W4221032146,A5036820846,I85507684
W4221032146,A5077953024,I33926330
W4221032146,A5085113518,I33926330
W4221122242,A5040110693,I198091727
W4221122242,A5047878798,I198091727
W4221122242,A5100343212,I198091727
W4221122242,A5100453066,I198091727
W4221122242,A5102724274,I198091727
W4223453456,A5060451316,I115592961
W4223903624,A5022209006,I181361081
W4223903624,A5069445164,I181361081
W4223903624,A5101398398,I17626003
W4223903624,A5111181163,I181361081
W4224013576,A5005161117,I203899302
W4224013576,A5026473778,I203899302
W4224013576,A5028915945,I203899302
W4224013576,A5038777959,I203899302
W4224013576,A5042192633,I199693650
W4224013576,A5042993941,I203899302
W4224035554,A5022019509,I33849332
W4224035554,A5029673504,I931681460
W4224035554,A5052554302,I931681460
W4224035554,A5058127499,I931681460
W4224035554,A5088956982,I931681460
W4224037847,A5010914146,I173093425
W4224037847,A5045234607,I22265921
W4224037847,A5074991726,I22265921
W4224082478,A5007087808,I204983213
W4224082478,A5039352999,I4210130184
W4224082478,A5058835905,I100188998
W4224082478,A5101109689,I100188998
W4224082478,A5101428329,I99065089
W4224082478,A5103277171,I100188998
W4224213141,A5012437460,I32597200
W4224213141,A5028945060,I32597200
W4224213141,A5035130305,I32597200
W4224243673,A5029049593,I151903974
W4224243673,A5034744347,I151903974
W4224243673,A5036112939,I151903974
W4224243673,A5075720969,I51768193
W4224248396,A5031576307,I9224756
W4224248396,A5043486930,I9224756
W4224248396,A5064721860,I9224756
W4224248396,A5101372313,I9224756
W4224437581,A5005953358,I55285296
W4224437581,A5008082871,I177233841
W4224437581,A5013758736,I55285296
W4224437581,A5069969191,I199305430
W4224437581,A5070517330,I55285296
W4225277427,A5019886356,I24185976
W4225277427,A5048351097,I927504317
W4225277427,A5068628314,I927504317
W4225277427,A5087022976,I927504317
W4225277427,A5100351506,I927504317
W4225294432,A5027312639,I41549804
W4225294432,A5037279956,I106542073
W4225294432,A5078914416,I341451707
W4225294432,A5079036376,I168974072
W4225821329,A5046960881,I4210166741
W4226062099,A5061997668,I142208455
W4226083961,A5046605531,I16038530
W4226083961,A5048649183,I39555362
W4226083961,A5055478558,I80143920
W4226083961,A5057732142,I99065089
W4226083961,A5063285882,I3045169105
W4226083961,A5076130415,I3045169105
W4226181943,A5031905501,I37461747
W4226181943,A5031905501,I4210118728
W4226181943,A5033105117,I4210099437
W4226181943,A5074405661,I37461747
W4226181943,A5074405661,I4210118728
W4226181943,A5085245110,I63190737
W4226181943,A5100455568,I4210099437
W4226181943,A5100617962,I40963666
W4226181943,A5101620547,I55732556
W4226322152,A5063696855,I194028371
W4226322152,A5085555898,I110262843
W4226322152,A5106626932,I181877577
W4226424013,A5020767969,I4210123185
W4226424013,A5040180867,I75059550
W4226424013,A5057416382,I4210123185
W4226424013,A5068920468,I75059550
W4226424013,A5101978937,I109935558
W4226424035,A5010599294,I125839683
W4226424035,A5017626590,I125839683
W4226424035,A5066140774,I125839683
W4226459955,A5078291766,I89652312
W4229012814,A5013311390,I909854389
W4229012814,A5037882098,I909854389
W4229012814,A5047234347,I909854389
W4229442263,A5020327006,I53831458
W4229442263,A5022377161,I76569877
W4229442263,A5069019252,I112819271
W4229442263,A5069487101,I112819271
W4229442263,A5070662893,I21370196
W4229442263,A5108013133,I1308893265
W4280491585,A5036009160,I2799700698
W4280491585,A5057176691,I131835042
W4280491585,A5077769694,I33586908
W4280491585,A5089488145,I70764227
W4280508892,A5001270995,I172780181
W4280508892,A5058393355,I172780181
W4280525177,A5005829949,I170013655
W4280525177,A5011284774,I170013655
W4280541407,A5000475040,I173304897
W4280541407,A5016753319,I173304897
W4280541407,A5036347319,I173304897
W4280590401,A5031220156,I10535382
W4280590401,A5054337797,I10535382
W4280590401,A5055297909,I10535382
W4280590401,A5058042445,I10535382
W4280590401,A5100616362,I4800084
W4280649903,A5001440837,I8833935
W4280649903,A5020546469,I8833935
W4280649903,A5021679576,I8833935
W4280649903,A5056204391,I8833935
W4281262808,A5014398832,I4210088621
W4281262808,A5038308708,I4210088621
W4281286562,A5055767872,I51780484
W4281286562,A5083584816,I51780484
W4281399117,A5025747161,I17145004
W4281399117,A5101666881,I17145004
W4281663336,A5023403556,I145380033
W4281663336,A5032090996,I32481161
W4281663336,A5049064037,I140912994
W4281663336,A5062101109,I32481161
W4281703385,A5027571327,I79161377
W4281703385,A5055589318,I4210136518
W4281703385,A5100726713,I79161377
W4281912025,A5081877111,I193531525
W4281930622,A5012991566,I5343935
W4281930622,A5077211776,I5343935
W4281930622,A5100638546,I5343935
W4281930622,A5101645356,I5343935
W4281962665,A5021827481,I108468826
W4281962665,A5031973958,I9224756
W4281962665,A5037990310,I9341345
W4281962665,A5040995305,I9224756
W4281962665,A5071269407,I9224756
W4281962665,A5075100287,I9224756
W4281962665,A5100369916,I9224756
W4281962665,A5100462858,I9224756
W4283069536,A5002818433,I39333907
W4283069536,A5028014425,I39333907
W4283069536,A5045361189,I78675632
W4283069536,A5080706260,I39333907
W4283069536,A5086602898,I39333907
W4283069536,A5101921000,I39333907
W4283157120,A5054194585,I162030827
W4283157120,A5103257376,I162030827
W4283203948,A5031691031,I180726961
W4283203948,A5044801385,I3045169105
W4283203948,A5072923302,I149704539
W4283203948,A5073006299,I180726961
W4283203948,A5114377922,I180726961
W4283213885,A5000130848,I200845125
W4283213885,A5016503114,I200845125
W4283213885,A5048499914,I200845125
W4283213885,A5048499914,I4210136246
W4283213885,A5048675276,I200845125
W4283213885,A5054915799,I200845125
W4283275666,A5047621347,I126520041
W4283275666,A5053207994,I126520041
W4283461979,A5039341855,I114017466
W4283461979,A5064467549,I41832843
W4283461979,A5087303751,I41832843
W4283578180,A5054984160,I9356336
W4283578180,A5058078141,I9356336
W4283585133,A5000257232,I135768898
W4283585133,A5032417356,I135768898
W4283585133,A5076579498,I135768898
W4283585133,A5090899188,I135768898
W4283585133,A5100687842,I135768898
W4283585133,A5100768918,I165733156
W4283645714,A5004754258,I38706770
W4283645714,A5100735356,I38706770
W4283763275,A5028493506,I80947539
W4283763275,A5100763506,I80947539
W4283764803,A5066478445,I153718931
W4283764803,A5069410082,I153718931
W4283803271,A5050165132,I2799532815
W4283803271,A5075855692,I2799532815
W4283814693,A5044292056,I4210088687
W4283814693,A5075926284,I4210088687
W4283817886,A5046484926,I3131729800
W4283817886,A5089246664,I3131729800
W4285091076,A5005545405,I4210166741
W4285676605,A5029801451,I168864056
W4285676605,A5086385685,I168864056
W4285796263,A5012063164,I108403487
W4285796263,A5069995055,I108403487
W4285796263,A5073814691,I108403487
W4285796576,A5046211643,I47818738
W4285796576,A5060949035,I47818738
W4285796576,A5088902167,I47818738
W4286795081,A5000315816,I4210100943
W4286795081,A5000315816,I4210121838
W4286795081,A5000315816,I4210137396
W4286795081,A5112321926,I3017839442
W4286795081,A5112321926,I90183372
W4286906772,A5048285657,I121847817
W4286906772,A5048285657,I174216632
W4286906772,A5049520186,I121847817
W4286906772,A5049520186,I174216632
W4287307793,A5008228591,I170172562
W4287307793,A5016422824,I62853816
W4287307793,A5021761851,I56934997
W4287307793,A5036775484,I170172562
W4287307793,A5060426258,I170172562
W4287307793,A5061241637,I170172562
W4287307793,A5110662254,I257545875
W4287577628,A5037070255,I4210135256
W4287577628,A5045715820,I157169809
W4287577628,A5064476347,I4210135256
W4287992808,A5012673464,I5124864
W4287992808,A5055974043,I5124864
W4287992808,A5060427576,I5124864
W4287992808,A5065488177,I146655781
W4288690437,A5029750424,I149594827
W4288690437,A5089216253,I4210107780
W4288690437,A5103257513,I116953780
W4288690437,A5110662776,I149594827
W4289638136,A5023821914,I163732180
W4289638136,A5057765179,I163732180
W4289860834,A5017678625,I163340411
W4289860834,A5020620488,I163340411
W4289860834,A5100371024,I163340411
W4289860834,A5100455788,I163340411
W4289860834,A5101408584,I163340411
W4289868942,A5007990458,I4576418
W4289868942,A5061687092,I4210089915
W4289868942,A5070396373,I4576418
W4289868942,A5076418171,I4576418
W4289868942,A5083151864,I4576418
W4290992098,A5031758606,I76130692
W4290992098,A5052563154,I170201317
W4290992098,A5060394018,I31847773
W4290992098,A5060394018,I76130692
W4290992098,A5081817597,I170201317
W4291993480,A5101916375,I145286018
W4292059111,A5007268662,I196486160
W4292059111,A5031470719,I4210163840
W4292059111,A5075411702,I196486160
W4292197747,A5006206015,I116953780
W4292197747,A5014007067,I185163786
W4292197747,A5043674003,I116953780
W4292197747,A5071962721,I185163786
W4292197747,A5081318069,I118118575
W4292289323,A5007814097,I63354593
W4292289323,A5029662492,I63354593
W4292289323,A5035260283,I63354593
W4292289323,A5066868064,I4210110609
W4292289323,A5100326712,I204831749
W4292289324,A5001207425,I11019714
W4292289324,A5021138620,I11019714
W4292289324,A5072427305,I11019714
W4292289324,A5076081465,I11019714
W4292289324,A5077238823,I11019714
W4292372012,A5070480113,I158248296
W4292372012,A5091399000,I158248296
W4293213129,A5027293846,I181343428
W4293213129,A5029689278,I181343428
W4293248357,A5043574277,I59483232
W4293248357,A5052227146,I59483232
W4293288724,A5045804696,I4210156205
W4293295050,A5028876164,I27357992
W4293295050,A5058685565,I27357992
W4293295050,A5065030408,I27357992
W4293295050,A5100391742,I27357992
W4293317991,A5062445099,I932239252
W4293317991,A5108006149,I932239252
W4293317991,A5108967747,I932239252
W4293795081,A5078857583,I143396566
W4294566414,A5034881721,I177969490
W4294566414,A5034881721,I184886455
W4294566414,A5066104845,I4210102186
W4294566414,A5088969327,I4210102186
W4294653840,A5003329037,I169333911
W4294653840,A5043148826,I169333911
W4294740730,A5000423090,I173439891
W4294740730,A5007157109,I173439891
W4294740730,A5009808948,I56590836
W4294740730,A5019591142,I97565354
W4294740730,A5019780158,I4210111164
W4294740730,A5021351968,I887064364
W4294740730,A5041248487,I173439891
W4294740730,A5043355848,I97565354
W4294740730,A5048651621,I99464096
W4294740730,A5060767326,I99464096
W4294740730,A5061961859,I114457229
W4294740730,A5065859612,I76903346
W4294740730,A5066405772,I874792244
W4294740730,A5073835952,I99464096
W4294740730,A5113492726,I4210145784
W4294817101,A5004219097,I181361081
W4294817101,A5022209006,I181361081
W4294817101,A5100347255,I181361081
W4294817101,A5100347994,I181361081
W4294817101,A5100632772,I181361081
W4294817101,A5101398398,I17626003
W4294930473,A5024234396,I153976015
W4294930473,A5043398857,I153976015
W4295008492,A5013628132,I205747304
W4295008492,A5013628132,I4210130517
W4295008492,A5078493275,I205747304
W4295008492,A5078493275,I4210130517
W4295008492,A5091653726,I4210113966
W4295120388,A5027585580,I74319210
W4295120388,A5037623995,I94658018
W4295120388,A5049287701,I74319210
W4295457756,A5019951946,I64128412
W4295457756,A5067185538,I64128412
W4295926801,A5005258575,I3131378919
W4295926801,A5028923846,I48018076
W4296020838,A5003623633,I90425906
W4296020838,A5044865157,I90425906
W4296020838,A5078027106,I90425906
W4296045111,A5049559317,I92403157
W4296045111,A5057741133,I52719799
W4296045111,A5102790255,I92403157
W4296045111,A5103004632,I127670440
W4296077725,A5067325797,I24185976
W4296077725,A5100357677,I24185976
W4296077725,A5100743646,I24185976
W4296077725,A5103065463,I24185976
W4296139711,A5059580063,I98381234
W4296139711,A5068812101,I98381234
W4296139711,A5084209353,I98381234
W4296186746,A5020773915,I1327237609
W4296186746,A5020773915,I16365422
W4296186746,A5033373333,I1327237609
W4296186746,A5033373333,I16365422
W4296186746,A5045015575,I126520041
W4296186746,A5101903837,I1327237609
W4296186746,A5101903837,I16365422
W4296297582,A5000944002,I143868143
W4296297582,A5009371842,I143868143
W4296297582,A5100340987,I143868143
W4296461299,A5060828204,I63354593
W4296461299,A5078821528,I63354593
W4296461299,A5101752819,I63354593
W4296636191,A5015643561,I33585257
W4296636191,A5053219262,I1330855593
W4296636191,A5075984586,I1330855593
W4296636191,A5091284430,I1330855593
W4296636191,A5103770117,I1330855593
W4296929390,A5089220020,I76214153
W4296929390,A5101671584,I76214153
W4296929390,A5102970353,I4210088485
W4296935237,A5035048973,I142108993
W4296935237,A5044088814,I142108993
W4296935237,A5100640128,I142108993
W4297051238,A5044867921,I913958620
W4297051238,A5078008156,I88491126
W4297092710,A5011617797,I4210092444
W4297092710,A5023601116,I80850581
W4297092710,A5060690319,I80850581
W4297227993,A5025657211,I170215575
W4297227993,A5072285714,I82880672
W4297227993,A5103148381,I170215575
W4297491563,A5000492455,I52418104
W4297491563,A5006394687,I52418104
W4297491563,A5024412086,I52418104
W4297491563,A5044574416,I176838256
W4297491563,A5069123141,I42014448
W4297548914,A5029008213,I83019370
W4297548914,A5029334093,I83019370
W4297548914,A5039096815,I4210122849
W4297548914,A5055478558,I80143920
W4297826536,A5078766225,I4210115718
W4297826536,A5101763495,I94518387
W4297903184,A5030469170,I132359460
W4297903184,A5044593572,I132359460
W4297903184,A5044593572,I4210125057
W4297903184,A5046327670,I132359460
W4297903184,A5048665354,I132359460
W4297903184,A5066780028,I99601430
W4298000417,A5082166723,I20497027
W4298000417,A5104207368,I20497027
W4298124436,A5057599587,I23946033
W4298124436,A5079680116,I23946033
W4300717046,A5041887867,I158842170
W4300717046,A5100373625,I158842170
W4300717046,A5100444637,I158842170
W4300717046,A5100676074,I158842170
W4300717046,A5101042096,I158842170
W4302288256,A5048088901,I179026463
W4302288256,A5058388725,I204512498
W4302288256,A5067611057,I204512498
W4302288256,A5076102993,I79223203
W4302775088,A5023822600,I25757504
W4302775088,A5025079159,I25757504
W4302775088,A5081933126,I25757504
W4302775088,A5090052616,I25757504
W4302775088,A5100339921,I25757504
W4302775088,A5100458749,I25757504
W4303415883,A5037945129,I70640408
W4303415883,A5043720844,I155419210
W4303579230,A5006293953,I75357094
W4303579230,A5022582952,I188771183
W4303579230,A5029191317,I156216236
W4303579230,A5037090300,I16076960
W4303579230,A5054029353,I188771183
W4303579230,A5082046789,I746986
W4303579230,A5100409306,I162030827
W4303710087,A5010034247,I48566637
W4303710087,A5014306565,I126744593
W4303710087,A5049525333,I48566637
W4303710087,A5100626897,I123900574
W4303984810,A5003725608,I244572783
W4303984810,A5003928961,I244572783
W4303984810,A5025236262,I244572783
W4303984810,A5077770842,I244572783
W4304098281,A5029900948,I122140584
W4304098281,A5044318426,I122140584
W4304175779,A5021355100,I123534392
W4304175779,A5052213341,I123534392
W4304187656,A5015767236,I63601056
W4304187656,A5085432173,I145487455
W4304698333,A5003799782,I154425047
W4304698333,A5053403067,I47265099
W4304698333,A5083775463,I228151691
W4304698333,A5103203760,I47265099
W4306292106,A5037331113,I60342839
W4306292106,A5041045029,I60342839
W4306292106,A5042805664,I29891158
W4306292106,A5053428338,I60342839
W4306292106,A5054285669,I60342839
W4306292106,A5072302612,I4210121317
W4306292106,A5072302612,I79510175
W4306292106,A5086614609,I60342839
W4306292106,A5087094312,I4210121317
W4306292106,A5087094312,I79510175
W4306786778,A5004203337,I121797337
W4306786778,A5010989991,I121797337
W4306786778,A5062646838,I121797337
W4306786778,A5085542421,I121797337
W4307129239,A5043558491,I165745306
W4307129239,A5049612719,I165745306
W4307129239,A5066188490,I46482218
W4307129239,A5070612539,I165745306
W4307129239,A5100740354,I165745306
W4307243336,A5055720661,I5847235
W4307243336,A5061276551,I5847235
W4307321238,A5019489166,I149704539
W4307321238,A5031125465,I204743663
W4307321238,A5044418860,I36197038
W4307321238,A5062210815,I302410947
W4307321238,A5090847392,I204743663
W4307572272,A5040973120,I4210130157
W4307572272,A5040973120,I4210155236
W4307572272,A5048866658,I4210130157
W4307572272,A5048866658,I4210155236
W4307819182,A5005266091,I66752286
W4307819182,A5013570285,I66752286
W4307819182,A5028039581,I66752286
W4307819182,A5048328260,I66752286
W4307910037,A5008343337,I1284598098
W4307910037,A5023526275,I60342839
W4307910037,A5028194255,I106778892
W4307910037,A5070213345,I197827452
W4307910037,A5070305773,I12832649
W4307910037,A5100757593,I197827452
W4307911024,A5043447596,I14316845
W4307913127,A5029728370,I52035452
W4307913127,A5101166347,I10874241
W4308112317,A5009120208,I4210163840
W4308112567,A5012247372,I24185976
W4308112567,A5074504268,I98301712
W4308112567,A5100446696,I27599042
W4308160155,A5021247547,I138801177
W4308160155,A5073792362,I100930933
W4308160155,A5100443536,I138801177
W4308160155,A5102790255,I92403157
W4308381112,A5065674426,I20581793
W4308381112,A5087235995,I110002522
W4308381112,A5087337150,I20581793
W4308607522,A5037780781,I149594827
W4308607522,A5069850104,I149594827
W4308607522,A5074053623,I117532281
W4308607522,A5100456371,I4210149618
W4308607522,A5101512472,I4210162753
W4308607522,A5102873364,I4210135175
W4308750008,A5025980566,I2800437794
W4308750008,A5062378664,I2800437794
W4308840623,A5084878716,I165682329
W4308840623,A5090703168,I2800494708
W4308840632,A5009023776,I68986083
W4308840632,A5028215399,I68986083
W4308861918,A5062187850,I172675005
W4308861918,A5086387693,I172675005
W4308861918,A5100752356,I172675005
W4309198707,A5032469465,I118118575
W4309198707,A5054801103,I118118575
W4309198707,A5071962721,I185163786
W4309198707,A5081318069,I118118575
W4309349667,A5002263224,I18014758
W4309349667,A5072684302,I18014758
W4309349667,A5103240136,I18014758
W4309490745,A5020831807,I338016083
W4309490745,A5031767757,I89466785
W4309490745,A5064836784,I338016083
W4309490745,A5075145520,I89466785
W4309490745,A5085432173,I145487455
W4309582920,A5029096221,I126193024
W4309582920,A5058515816,I48379061
W4309582920,A5079817780,I48379061
W4309643846,A5072011650,I28022161
W4309643846,A5087022976,I927504317
W4309643846,A5103010371,I927504317
W4309648563,A5011543714,I142208455
W4309648563,A5011947453,I126145234
W4309648563,A5019810689,I80143920
W4309648563,A5105826134,I80143920
W4309782696,A5017613139,I206777745
W4309782696,A5017968460,I881766915
W4309782696,A5039465981,I206777745
W4309782696,A5053928029,I142108993
W4309796907,A5069345461,I151903974
W4309796907,A5091890229,I151903974
W4309796916,A5022510652,I115566878
W4309796916,A5077042838,I115566878
W4309796916,A5081492188,I115566878
W4309822222,A5042333849,I41832843
W4309822222,A5058171262,I41832843
W4309822222,A5085332844,I41832843
W4309867695,A5111189650,I9747756
W4309889602,A5031433977,I184834183
W4309889602,A5031433977,I91041137
W4309889602,A5041766787,I160262251
W4309913730,A5009260936,I126520041
W4309913730,A5061104105,I126520041
W4309913730,A5100749622,I126520041
W4309913730,A5101524146,I126520041
W4309913730,A5103041851,I126520041
W4309925307,A5005343901,I116067653
W4309925307,A5043953788,I110120368
W4309925307,A5052555990,I116067653
W4309928656,A5046476267,I116953780
W4309928656,A5062944653,I113940042
W4309928656,A5082763715,I116953780
W4309928656,A5101696199,I116953780
W4309937154,A5005862664,I199305430
W4309937154,A5018712863,I59649739
W4309937154,A5100691996,I145897649
W4309937154,A5101589112,I145897649
W4310193546,A5023927737,I16365422
W4310193546,A5052898786,I16365422
W4310193546,A5087726431,I188935350
W4310193546,A5091191629,I16365422
W4310193697,A5001472078,I145897649
W4310193697,A5003799782,I154425047
W4310193697,A5069969191,I199305430
W4310193697,A5089438496,I59483232
W4310193697,A5100691996,I145897649
W4310193754,A5021484601,I887968799
W4310193754,A5038252072,I167694869
W4310193754,A5069086703,I167694869
W4310195170,A5001443386,I114117164
W4310195170,A5064274313,I114117164
W4310195170,A5083782170,I114117164
W4310195170,A5100354485,I114117164
W4310195170,A5100402925,I114117164
W4310195170,A5109617135,I114117164
W4310225030,A5032685699,I69552723
W4310225030,A5046759145,I69552723
W4310276548,A5023272733,I151903974
W4310276548,A5084633261,I151903974
W4310787317,A5019281107,I4800084
W4310787317,A5068951317,I4800084
W4310787317,A5100440164,I4800084
W4310787317,A5100658008,I4800084
W4310787317,A5101568332,I4800084
W4311031268,A5006421102,I145286018
W4311031268,A5009900245,I145286018
W4311031268,A5011563643,I876193797
W4311035550,A5026310210,I119865316
W4311035550,A5027935882,I119865316
W4311035550,A5047141412,I28046988
W4311035665,A5002681447,I55712492
W4311035665,A5003729126,I55712492
W4311035665,A5015350333,I55712492
W4311035665,A5103177922,I4210092870
W4311035665,A5112880589,I55712492
W4311165753,A5001128537,I4210112337
W4311165753,A5084474730,I170535673
W4311183537,A5008695053,I4210144839
W4311183537,A5025305363,I1323252656
W4311183537,A5037574053,I60342839
W4311183537,A5038581447,I193531525
W4311183537,A5047390057,I4210144839
W4311183537,A5059302775,I28022161
W4311273559,A5057490206,I71267560
W4311273559,A5069541151,I71267560
W4311273559,A5080190737,I4210152452
W4311273559,A5081965427,I71267560
W4311305999,A5001443974,I173304897
W4311305999,A5001443974,I4210095677
W4311305999,A5001443974,I66943878
W4311305999,A5054951713,I96733725
W4311305999,A5072431554,I173466955
W4311305999,A5076657750,I173304897
W4311305999,A5076657750,I185163786
W4311305999,A5076657750,I4210095677
W4311305999,A5100608377,I96733725
W4311305999,A5101697326,I96733725
W4311362391,A5006060295,I2802922787
W4311362391,A5054194585,I162030827
W4311362391,A5087419173,I2802922787
W4311375214,A5013640755,I16748637
W4311464455,A5040477292,I173093425
W4311464757,A5068159502,I52158045
W4311464757,A5100619255,I179026463
W4311464757,A5101488949,I4210151987
W4311464757,A5101971313,I179026463
W4311599520,A5021162862,I4210123185
W4311599520,A5039356472,I4210123185
W4311607213,A5036801346,I114017466
W4311607213,A5051406984,I6469544
W4311607213,A5053058502,I114017466
W4311607213,A5059002491,I114017466
W4311607213,A5065910481,I114017466
W4311607213,A5100784818,I114017466
W4311625992,A5002539501,I126158947
W4311625992,A5014992894,I126158947
W4311625992,A5026147454,I126158947
W4311629995,A5039475467,I146416000
W4311629995,A5066789830,I146416000
W4311629995,A5070937376,I146416000
W4311629995,A5071900228,I146416000
W4311710860,A5024147005,I74319210
W4311710860,A5077442223,I74319210
W4311954044,A5002588126,I200845125
W4311954044,A5024274621,I200845125
W4312059150,A5004057129,I129604602
W4312059150,A5005831779,I129604602
W4312059150,A5044200395,I31746571
W4312059150,A5045843249,I129604602
W4312059150,A5090363651,I31746571
W4312105932,A5001270995,I172780181
W4312105932,A5024802129,I184999862
W4312105932,A5059279038,I172780181
W4312106224,A5008300007,I56590836
W4312106224,A5038884691,I56590836
W4312106224,A5081500824,I1316951451
W4312106240,A5030241951,I185071736
W4312106240,A5084270607,I191208505
W4312106240,A5086326544,I185071736
W4312106240,A5086947282,I191208505
W4312106240,A5100638706,I4210134523
W4312106240,A5101954867,I4210117043
W4312106306,A5038448571,I110200422
W4312106306,A5053773659,I110200422
W4312106306,A5069331818,I110200422
W4312106615,A5007947570,I25757504
W4312106615,A5038687122,I1327237609
W4312106615,A5038687122,I25757504
W4312106615,A5053794277,I68986083
W4312106615,A5074090518,I24201400
W4312106615,A5075203206,I25757504
W4312106726,A5017459474,I929597975
W4312106726,A5029772821,I929597975
W4312106726,A5073637662,I929597975
W4312106785,A5019847905,I70971781
W4312106785,A5036839837,I70971781
W4312106785,A5101544755,I70971781
W4312208348,A5078430868,I251397004
W4312208408,A5002732326,I15766328
W4312208408,A5039752849,I15766328
W4312208408,A5082236429,I15766328
W4312214845,A5036010787,I16038530
W4312214845,A5039480864,I67415387
W4312214845,A5046605531,I16038530
W4312214845,A5100623335,I20581793
W4312214853,A5045156336,I159247623
W4312214853,A5066303253,I142740786
W4312222425,A5034420107,I24185976
W4312222425,A5058124369,I96478251
W4312222562,A5045137489,I149594827
W4312222562,A5056456094,I149594827
W4312222562,A5071040306,I149594827
W4312222562,A5100781892,I4210163834
W4312222690,A5053091111,I76214153
W4312222690,A5068620302,I76214153
W4312222690,A5082133960,I76214153
W4312222690,A5100355598,I76214153
W4312222690,A5101457173,I76214153
W4313276113,A5014390034,I55712492
W4313276113,A5015350333,I55712492
W4313276113,A5081084530,I55712492
W4313321714,A5029120894,I11701301
W4313321714,A5038675407,I11701301
W4313321714,A5086354302,I11701301
W4313388587,A5019281107,I4800084
W4313388587,A5056644602,I4800084
W4313388587,A5100440022,I4800084
W4313388587,A5100658008,I4800084
W4313388587,A5101568332,I4800084
W4313421060,A5005153200,I72539421
W4313421060,A5023019170,I240042149
W4313421060,A5028898335,I23075662
W4313421060,A5047628048,I240042149
W4313421060,A5091500375,I4210142395
W4313597114,A5029214477,I4210166615
W4313597114,A5039335917,I4210166615
W4313597114,A5065124975,I4210166615
W4313597114,A5080060786,I130442723
W4313597114,A5089440969,I4210166615
W4313597114,A5090950667,I182534213
W4313625318,A5033967764,I167027274
W4313625318,A5041668369,I137056471
W4313625318,A5056618832,I205640436
W4313625318,A5082906412,I137056471
W4313642897,A5027195597,I109935558
W4313642897,A5086232209,I3130751423
W4313642897,A5101978937,I109935558
W4313644131,A5014369213,I1313323035
W4313644131,A5014369213,I4210144352
W4313644131,A5014369213,I4210165514
W4313644131,A5033986640,I173089394
W4313648835,A5003218042,I79891267
W4313648835,A5029195698,I115228651
W4313648835,A5029195698,I3004594783
W4313648835,A5047300941,I115228651
W4313648835,A5047300941,I3004594783
W4313648835,A5100752356,I172675005
W4313650011,A5048332892,I145286018
W4313650011,A5101485161,I145286018
W4315490060,A5032092961,I1327237609
W4315490060,A5051829991,I16365422
W4315490060,A5053624960,I16365422
W4315490060,A5101965830,I16365422
W4316036513,A5009750573,I177877127
W4316036513,A5017101039,I4210142583
W4316036513,A5070283092,I103635307
W4316036513,A5100325058,I4210116924
W4316036513,A5100341891,I4210114444
W4316036513,A5100341891,I58610484
W4316810864,A5009978186,I125839683
W4316810864,A5044196762,I125839683
W4316814312,A5055009890,I4210143260
W4316814312,A5070455585,I4210143260
W4317042600,A5025980566,I33849332
W4317042600,A5082808405,I3132976927
W4317042600,A5085581530,I33849332
W4317207462,A5014211050,I119439378
W4317207462,A5014211050,I4210094648
W4317207462,A5065107543,I119439378
W4317207462,A5082596393,I119439378
W4317207836,A5017754814,I73779912
W4317207836,A5035273426,I102516824
W4317207836,A5060160733,I73779912
W4317207836,A5069969191,I199305430
W4317208968,A5076873248,I27357992
W4317208968,A5100730802,I27357992
W4317208968,A5101523855,I27357992
W4317565738,A5028441474,I23946033
W4317565738,A5038602282,I146620803
W4317565738,A5040568268,I23946033
W4317565738,A5100648348,I23946033
W4317565738,A5101597411,I23946033
W4317904349,A5002511102,I125839683
W4317904349,A5100752356,I172675005
W4318200376,A5038506987,I56085075
W4318200376,A5056574222,I56085075
W4318200376,A5086673948,I56085075
W4318200376,A5087072092,I56085075
W4318219004,A5022209006,I181361081
W4318219004,A5042833434,I4210161528
W4318219004,A5047810973,I154099455
W4318219004,A5048902633,I154099455
W4318219004,A5062746375,I154099455
W4318219004,A5076583315,I154099455
W4318219004,A5085970103,I4210161528
W4318219004,A5100384332,I4210161528
W4318219004,A5100390423,I154099455
W4318219004,A5112967390,I4210161528
W4318219004,A5114626552,I154099455
W4318340592,A5012071123,I67009956
W4318340592,A5040259747,I67009956
W4318475704,A5065120677,I154347574
W4318481158,A5032240816,I4210131919
W4318481158,A5068760574,I4210131919
W4318481158,A5070682362,I3970613
W4318483587,A5032097112,I192398990
W4318483587,A5053213515,I170535673
W4318483587,A5068555962,I159247623
W4318483587,A5079704928,I192398990
W4318595446,A5067395520,I88273585
W4318595446,A5079991821,I88273585
W4318979379,A5012796713,I83123760
W4318979379,A5102746694,I169108374
W4318979379,A5103216766,I4210096063
W4319302037,A5030839425,I149672521
W4319302037,A5031927335,I149672521
W4319302037,A5082766103,I82951845
W4319302037,A5088086609,I149672521
W4319304622,A5020773915,I16365422
W4319304622,A5068534508,I16365422
W4319304622,A5101851003,I111753288
W4319304622,A5101903837,I16365422
W4319338312,A5012148158,I112536369
W4319338312,A5020658652,I67042835
W4319338312,A5032123516,I112536369
W4319338312,A5047108921,I67042835
W4319338312,A5061256797,I192455894
W4319338312,A5077203518,I63525965
W4319338312,A5077553626,I67042835
W4319338312,A5080674562,I3045169105
W4319733201,A5016900158,I23923803
W4319733201,A5037363448,I135120706
W4319733201,A5055436168,I135120706
W4319733201,A5055719679,I3005160176
W4319733201,A5055719679,I4210155236
W4319733201,A5064611681,I135120706
W4319791194,A5016587219,I24185976
W4319791194,A5070824522,I24185976
W4319791194,A5100437308,I24185976
W4320035261,A5032709348,I86613570
W4320035261,A5063027478,I193181351
W4320035261,A5084119748,I193181351
W4320490631,A5012992088,I170013655
W4320490631,A5019446590,I138006243
W4320490631,A5019877221,I170013655
W4320490631,A5030246727,I170013655
W4320490631,A5063616928,I170013655
W4320490631,A5081934496,I138006243
W4320490631,A5102715601,I170013655
W4321108604,A5024107021,I121748325
W4321108604,A5076119369,I121748325
W4321108604,A5102906495,I121748325
W4321238586,A5047683921,I132153292
W4321238586,A5048101513,I132153292
W4321238586,A5066935717,I1317621060
W4321238586,A5076160843,I132153292
W4321249736,A5075818819,I3131484930
W4321249736,A5078520681,I3131484930
W4321352114,A5003847848,I4210121333
W4321352114,A5045330125,I42934936
W4321352114,A5049681128,I143150842
W4321352114,A5067780879,I183067279
W4321352114,A5072731605,I188760350
W4321352114,A5073413581,I185163786
W4321352114,A5101867351,I42934936
W4321437593,A5012800434,I44504214
W4321437593,A5060971352,I44504214
W4321496408,A5032571878,I39854758
W4321496408,A5033790986,I39854758
W4321496408,A5061284177,I201384688
W4321497407,A5007549080,I38335241
W4321497407,A5025712243,I38335241
W4321497407,A5075293170,I38335241
W4321617535,A5001270995,I172780181
W4321617535,A5007292153,I3131353278
W4321617535,A5051779439,I3130814776
W4321617535,A5051779439,I5100685
W4321617771,A5036359181,I111950717
W4321617771,A5063766245,I149704539
W4321617771,A5064583762,I111950717
W4321617771,A5072659343,I141568987
W4321617771,A5101626861,I111950717
W4321618002,A5029662492,I63354593
W4321618002,A5100357108,I4210110609
W4321618002,A5101408162,I4210138370
W4321769603,A5020629716,I206935292
W4321769603,A5032852265,I160419504
W4321769603,A5043469036,I192398990
W4321769603,A5055390928,I32915989
W4321789106,A5012712435,I4210131919
W4321789106,A5030755196,I4210131919
W4321789106,A5036734666,I160968435
W4321789106,A5070682362,I3970613
W4322217101,A5004203337,I121797337
W4322217101,A5006397225,I121797337
W4322217101,A5022204570,I4210160894
W4322217101,A5062646838,I121797337
W4322493038,A5018011660,I156983542
W4322493038,A5055986116,I276309446
W4322493038,A5075965221,I1335518801
W4322493038,A5086450980,I276309446
W4322493542,A5007079766,I159247623
W4322493542,A5052005274,I159247623
W4322493542,A5073830000,I159247623
W4322493542,A5079325992,I159247623
W4322733148,A5010886799,I173899330
W4322733148,A5045879529,I173899330
W4322733148,A5069540002,I173899330
W4322733148,A5074387543,I25254941
W4322733148,A5085233751,I173899330
W4322733148,A5100431969,I4210110718
W4322733148,A5102506591,I149594827
W4322739152,A5006993319,I146620803
W4322739152,A5029589252,I146620803
W4322739152,A5046034866,I146620803
W4322739152,A5046508099,I146620803
W4322739152,A5063588863,I146620803
W4322739152,A5068381772,I146620803
W4322739152,A5091900293,I146620803
W4322739152,A5100644556,I146620803
W4322769152,A5022799473,I127591826
W4322769152,A5029048795,I199693650
W4322769152,A5062359795,I123565023
W4322769152,A5062359795,I23582244
W4323038324,A5074759105,I129604602
W4323038324,A5078824132,I165779595
W4323038324,A5080710876,I165779595
W4323038324,A5085279545,I82951845
W4323038324,A5107994859,I129604602
W4323319975,A5073165654,I169108374
W4323319975,A5103216766,I4210096063
W4323321928,A5101187368,I31847773
W4323321928,A5101474113,I31847773
W4323851652,A5001227032,I193223587
W4323851652,A5016129320,I193223587
W4323851652,A5033506886,I194450716
W4323851652,A5033506886,I4210134929
W4323851652,A5075478426,I193223587
W4323851652,A5100409274,I194450716
W4323851652,A5100409274,I4210134929
W4323854344,A5069004483,I158248296
W4323854344,A5083690942,I158248296
W4323854344,A5106234319,I158248296
W4323923963,A5089923373,I192868223
W4323923963,A5101868265,I192868223
W4323923963,A5108510761,I192868223
W4323924132,A5027949896,I117532281
W4323924132,A5037780781,I149594827
W4323924132,A5069850104,I117532281
W4323924132,A5081352717,I117532281
W4323924132,A5088263100,I117532281
W4323924132,A5100339300,I117532281
W4323924132,A5100433391,I117532281
W4323929228,A5037575510,I80143920
W4323929228,A5054695808,I80143920
W4323929228,A5060684114,I80143920
W4323929228,A5101035429,I80143920
W4323929228,A5102813266,I80143920
W4323980169,A5001354034,I132806614
W4323980169,A5071186894,I162030827
W4323980169,A5080114207,I162030827
W4323980169,A5084198289,I72264486
W4323980169,A5089077811,I165831266
W4323980169,A5100409306,I162030827
W4324089017,A5008807876,I139660479
W4324089017,A5100429695,I139660479
W4324089017,A5100606509,I139660479
W4324092563,A5010004403,I146620803
W4324092563,A5028441474,I23946033
W4324092563,A5100648348,I146620803
W4324092563,A5103089923,I146620803
W4324152529,A5008810990,I143150842
W4324152529,A5046716877,I143150842
W4324325927,A5006559883,I204337017
W4324325927,A5064535836,I204337017
W4324355347,A5069204294,I8778637
W4324355347,A5081124229,I8778637
W4324355347,A5086958640,I8778637
W4324355347,A5103152848,I8778637
W4324355347,A5108053908,I8778637
W4324378992,A5018879530,I26072440
W4324378992,A5087992735,I26072440
W4324378992,A5101653992,I2800472359
W4327909672,A5004011502,I1294671590
W4327909672,A5004011502,I4210142324
W4327909672,A5004320417,I1294671590
W4327909672,A5004320417,I2799662587
W4327909672,A5004320417,I4210142324
W4327909703,A5034636034,I197907453
W4327941714,A5004923213,I16076960
W4327941714,A5004923213,I3131573596
W4327941714,A5033585021,I31746571
W4327941714,A5050886354,I16076960
W4327941714,A5050886354,I3131573596
W4327941714,A5088867291,I174731842
W4327947795,A5059380819,I4210131147
W4327947795,A5112248175,I151903974
W4327956269,A5035486559,I43313876
W4327956269,A5085282661,I43313876
W4327956269,A5100333028,I43313876
W4327956269,A5100695526,I43313876
W4353083901,A5002178970,I189210763
W4353083901,A5037347113,I189210763
W4353083901,A5070648432,I189210763
W4353083901,A5100372201,I4210114043
W4353083901,A5100707352,I189210763
W4353083901,A5103055028,I189210763
W4360613770,A5019951946,I64128412
W4360615597,A5006455040,I160968435
W4360615597,A5047568356,I203899302
W4360615597,A5050563496,I203899302
W4360615597,A5069171037,I203899302
W4360618510,A5003788475,I101407740
W4360618510,A5016880522,I5847235
W4360618510,A5070231937,I101407740
W4360856932,A5010484809,I9927081
W4360856932,A5012075498,I4210108889
W4360856932,A5016318918,I66943878
W4360856932,A5037531073,I4210091440
W4360856932,A5040304196,I4210091440
W4360856932,A5040580469,I94624287
W4360856932,A5042194412,I142263535
W4360856932,A5049268821,I91136226
W4360856932,A5065007116,I4210091440
W4360856932,A5103019983,I4210091440
W4360860178,A5029548136,I62885914
W4360860178,A5062885037,I62885914
W4360869457,A5003222421,I17145004
W4360869457,A5046957909,I1311688040
W4360869457,A5055779797,I169351748
W4360869666,A5008695053,I4210144839
W4360869666,A5025305363,I1323252656
W4360869666,A5037574053,I60342839
W4360869666,A5038581447,I193531525
W4360869666,A5047390057,I4210144839
W4360869666,A5059302775,I28022161
W4360939579,A5003517792,I82767444
W4360939579,A5050595171,I82767444
W4360939579,A5051821002,I119635470
W4360939579,A5085179081,I82767444
W4360950022,A5003928961,I244572783
W4360950022,A5025236262,I244572783
W4360950022,A5046638598,I244572783
W4360950022,A5074120519,I244572783
W4360950022,A5077770842,I244572783
W4360980642,A5053213515,I170535673
W4360980642,A5068555962,I159247623
W4360980642,A5079264025,I192398990
W4360980642,A5079704928,I192398990
W4360980683,A5048987624,I51452335
W4360980683,A5111029464,I51452335
W4360985351,A5025213028,I21370196
W4360985351,A5090242753,I21370196
W4360985351,A5112903360,I21370196
W4360985733,A5023828527,I848706
W4360985733,A5028787159,I28777354
W4360985733,A5052265483,I130009713
W4360985733,A5056892202,I200284239
W4360985733,A5056892202,I4210111807
W4360985733,A5086940709,I200284239
W4360985733,A5086940709,I4210111807
W4361221423,A5054002392,I170215575
W4361221423,A5075286263,I170215575
W4361221423,A5080018418,I170215575
W4361221423,A5100462858,I170215575
W4361221423,A5100672417,I170215575
W4361221423,A5101849586,I170215575
W4362475747,A5068024535,I162030827
W4362475747,A5113696439,I70971781
W4362555628,A5008807876,I139660479
W4362555628,A5100429695,I139660479
W4362555628,A5100606509,I139660479
W4362579589,A5004286514,I149672521
W4362579589,A5025207179,I149672521
W4362579589,A5066447873,I204136569
W4362579589,A5089615958,I82951845
W4362670371,A5033934797,I876193797
W4362670371,A5041284519,I876193797
W4362724099,A5000078546,I6498739
W4362724099,A5021797294,I154851008
W4362724099,A5034134798,I154851008
W4362735525,A5004406505,I155419210
W4362735525,A5031909680,I155419210
W4362735525,A5056700700,I161106909
W4362735525,A5064673434,I4210163011
W4363648864,A5003847848,I4210121333
W4363648864,A5029627109,I81556334
W4363648864,A5086871115,I52407163
W4363648864,A5089028976,I52407163
W4364376005,A5044080887,I55240360
W4364376005,A5071678818,I55240360
W4364376005,A5101952881,I52010207
W4365139618,A5060451316,I115592961
W4365141696,A5016645126,I142108993
W4365141696,A5047341940,I142108993
W4365141696,A5059262865,I142108993
W4365141696,A5103070400,I25355098
W4365145108,A5019556766,I105454292
W4365145108,A5019556766,I190765188
W4365145108,A5032885393,I26072440
W4365145108,A5051197396,I193775966
W4365145108,A5072342228,I190765188
W4365145108,A5100763147,I55990551
W4365816810,A5072956559,I137996928
W4366091323,A5004666484,I74973139
W4366091323,A5039341855,I103356709
W4366091323,A5039341855,I114017466
W4366091323,A5041357642,I67031392
W4366091323,A5056383055,I38538140
W4366091323,A5073938714,I146966710
W4366091323,A5075887922,I146966710
W4366091323,A5079931078,I241749
W4366091323,A5100326993,I3132364740
W4366091323,A5100326993,I74899385
W4366091323,A5107942006,I114017466
W4366091323,A5107942006,I138564716
W4366123788,A5043508209,I4210142231
W4366123788,A5100702904,I4210142231
W4366248980,A5056731648,I224962290
W4366248980,A5070082622,I224962290
W4366336804,A5022700280,I71267560
W4366336804,A5074784465,I71267560
W4366336804,A5080190737,I4210152452
W4366336804,A5081965427,I71267560
W4366392262,A5017449844,I2799535320
W4366392262,A5051779245,I2799535320
W4366392262,A5062097752,I2799535320
W4366400965,A5027500742,I108714496
W4366400965,A5036986486,I83259278
W4366400965,A5062634912,I4210099699
W4366411592,A5048863906,I3131927718
W4366411592,A5112266348,I3131927718
W4366415332,A5003126422,I1308893265
W4366415332,A5022377161,I76569877
W4366415332,A5069487101,I112819271
W4366415332,A5074454844,I36001604
W4366415332,A5101793708,I1308893265
W4366415332,A5108013133,I1308893265
W4366426214,A5034485218,I55547365
W4366426214,A5040497110,I97626857
W4366687390,A5080689475,I9224756
W4366687390,A5100629646,I9224756
W4366687390,A5100687485,I9224756
W4366816030,A5005708215,I182000528
W4366816030,A5005708215,I4210165529
W4366816030,A5005708215,I931278978
W4366816030,A5045069369,I182000528
W4366816030,A5052716872,I182000528
W4366975001,A5081963904,I119045251
W4366975001,A5100657117,I119045251
W4367040485,A5007288104,I32038505
W4367040485,A5007288104,I4210152127
W4367299072,A5005609029,I933318745
W4367299072,A5015638101,I933318745
W4367299072,A5070432042,I933318745
W4367394292,A5027566210,I15059493
W4367394292,A5042975565,I15059493
W4367394653,A5040477292,I173093425
W4367609788,A5045221371,I889804353
W4367609788,A5089696208,I889804353
W4367609788,A5112353924,I889804353
W4367623968,A5005792924,I4210142044
W4367623968,A5047208473,I56590836
W4367623968,A5091478694,I56590836
W4368368712,A5038830719,I932239252
W4368617646,A5000966033,I5847235
W4368617646,A5018977319,I5847235
W4368617646,A5075504383,I3131870445
W4368617646,A5100763147,I55990551
W4376616984,A5003563112,I181877577
W4376616984,A5030350248,I4210096899
W4376616984,A5082158123,I4210096899
W4376616984,A5101623884,I4210096899
W4376648259,A5062588170,I881766915
W4376648259,A5072431554,I173466955
W4376648259,A5079887660,I206777745
W4376648259,A5100437308,I24185976
W4377098461,A5005165910,I145897649
W4377098461,A5086737342,I145897649
W4377098461,A5091719924,I145897649
W4377145631,A5024549341,I37796252
W4377145631,A5055432844,I37796252
W4377145631,A5060494556,I37796252
W4377145631,A5074274816,I37796252
W4377145631,A5085117395,I37796252
W4377290775,A5100388188,I24185976
W4378416796,A5050386762,I172675005
W4378416796,A5062187850,I172675005
W4378416796,A5076918595,I172675005
W4378416796,A5100752356,I172675005
W4378807643,A5019506655,I10535382
W4378807643,A5035765844,I10535382
W4378807643,A5100670419,I10535382
W4379137572,A5044876953,I180664298
W4379137572,A5053117664,I180664298
W4379137572,A5084696038,I203765153
W4379137572,A5092073351,I180664298
W4379137572,A5092073352,I12097938
W4379137572,A5092073353,I180664298
W4379184928,A5019031326,I9360294
W4379184928,A5019331202,I9360294
W4379184928,A5032765727,I9360294
W4379184928,A5103281293,I9360294
W4379209201,A5089438496,I4210151294
W4379209201,A5100414012,I44445938
W4379209201,A5101416812,I152269853
W4379209201,A5101416812,I4210142748
W4379364212,A5038260597,I4210127244
W4379364212,A5053951395,I4210127244
W4379519548,A5003799782,I154425047
W4379519548,A5048672189,I152743029
W4379519548,A5086034088,I27462735
W4379519548,A5100462631,I27462735
W4379519548,A5101866533,I4210089621
W4379799065,A5036385066,I309707301
W4379799065,A5109725159,I81556334
W4379799065,A5111727218,I81556334
W4379876307,A5009567610,I22716506
W4379876307,A5044913343,I22716506
W4379876307,A5055550759,I22716506
W4379876307,A5060815634,I22716506
W4380360151,A5000785013,I157674215
W4380360151,A5054194585,I162030827
W4380538220,A5087795875,I2801380234
W4380562659,A5015403247,I152269853
W4380562659,A5079852457,I114017466
W4380591126,A5040815462,I11880225
W4380591126,A5054016512,I11880225
W4380591126,A5078428133,I11880225
W4380611437,A5033912893,I39555362
W4380762893,A5057608131,I68986083
W4380762893,A5100720061,I68986083
W4380887019,A5015878046,I244572783
W4380887019,A5025236262,I244572783
W4380887019,A5036261076,I141584323
W4380887019,A5077770842,I244572783
W4380887019,A5080505347,I200650556
W4380887019,A5086147112,I244572783
W4381053565,A5025120215,I192209268
W4381053565,A5100458589,I192209268
W4381053565,A5100954060,I192209268
W4381053565,A5101554099,I192209268
W4381053565,A5102927056,I192209268
W4381087276,A5005531103,I130343225
W4381087276,A5013155341,I130343225
W4381087276,A5045735100,I130343225
W4381087276,A5055914678,I130343225
W4381087276,A5063225359,I130343225
W4381090279,A5003491781,I175532246
W4381090279,A5015792060,I55862774
W4381090279,A5019170864,I55862774
W4381090279,A5069405328,I180765649
W4381093614,A5017562924,I118501908
W4381093614,A5024395877,I118501908
W4381163588,A5021672474,I4210137597
W4381163588,A5075207736,I4576418
W4381163588,A5082322906,I4576418
W4381163588,A5112326721,I4576418
W4381185442,A5100462376,I139322472
W4381332380,A5031075659,I4210131147
W4381332380,A5102898415,I876193797
W4381512557,A5004282253,I4210119257
W4381512557,A5012505948,I3131779051
W4381512557,A5045137290,I171256487
W4381512557,A5069290393,I143923087
W4381512557,A5102733653,I171256487
W4381682084,A5044914031,I159253421
W4381682084,A5059796848,I159253421
W4381737075,A5019387999,I41549804
W4381737075,A5021111688,I41549804
W4381742002,A5006242246,I4210149962
W4381742002,A5023403556,I104941359
W4381742002,A5067039459,I20942203
W4381742002,A5100406573,I20942203
W4381742002,A5100646551,I152033890
W4381805003,A5035857033,I90267481
W4381805003,A5070862414,I90267481
W4381805003,A5109399343,I90267481
W4381856118,A5009996715,I143593769
W4381856118,A5026200442,I143593769
W4381856118,A5026577634,I50760025
W4381856118,A5100418199,I143593769
W4381856118,A5101974070,I143593769
W4381891105,A5002031480,I79189158
W4381891105,A5015908424,I79189158
W4381891105,A5042577883,I60053951
W4381891105,A5060638607,I79189158
W4382048741,A5017808266,I76569877
W4382048741,A5069969960,I189210763
W4382048741,A5080341760,I189210763
W4382048741,A5100386125,I189210763
W4382048741,A5101781204,I189210763
W4382197431,A5052244841,I4210153668
W4382197431,A5055294491,I4210153668
W4382197431,A5103660184,I4210153668
W4382202712,A5071755515,I3005160176
W4382319519,A5006193331,I1292875679
W4382319519,A5006193331,I4210130959
W4382319519,A5019563508,I1292875679
W4382319519,A5019563508,I4210130959
W4382319519,A5039061991,I1292875679
W4382319519,A5039061991,I4210130959
W4382319519,A5085992753,I1292875679
W4382319519,A5085992753,I42894916
W4382335225,A5006355592,I114017466
W4382335225,A5037036621,I199693650
W4382335225,A5038092936,I114017466
W4382335225,A5067341352,I114017466
W4382335225,A5071528383,I168893459
W4382335225,A5079680116,I114017466
W4382371735,A5005432885,I177721651
W4382371735,A5006477607,I177721651
W4382371735,A5024102795,I177721651
W4382371735,A5078741092,I177721651
W4382698960,A5011011359,I41775361
W4382698960,A5092368162,I41775361
W4382810982,A5000318376,I151727225
W4382810982,A5060158725,I55022517
W4382810982,A5074307984,I151727225
W4382810982,A5101526011,I151727225
W4382811166,A5013205698,I145894827
W4382811166,A5018755620,I140172145
W4382811166,A5018755620,I2801525552
W4382811166,A5027109480,I145894827
W4382811166,A5061622429,I142263535
W4382811166,A5061622429,I866009140
W4382811166,A5072563444,I55215948
W4382811166,A5109451399,I145894827
W4382895266,A5022182639,I90090648
W4382895266,A5064705419,I34155123
W4382895266,A5082311500,I94611258
W4382895266,A5102881674,I94611258
W4383560003,A5054405269,I24185976
W4383560003,A5100740354,I165745306
W4383560003,A5102996200,I4210110849
W4383560003,A5103190586,I50632499
W4383620526,A5023946220,I2898336195
W4383620526,A5032152290,I2898336195
W4383620526,A5063988510,I2898336195
W4383620526,A5073381909,I2898336195
W4383620526,A5076444077,I170215575
W4383620526,A5081510162,I145872427
W4383620526,A5081510162,I2802849423
W4383620526,A5081510162,I2802934949
W4383620526,A5100418968,I170215575
W4383620526,A5100425839,I2898336195
W4383620526,A5101628585,I2898336195
W4383620526,A5102958113,I34352273
W4383721094,A5039907536,I194028371
W4383721094,A5051194250,I194028371
W4383913283,A5019951946,I64128412
W4383913283,A5111186382,I64128412
W4383955446,A5038222386,I39333907
W4383955446,A5049529533,I39333907
W4383955446,A5070990928,I39333907
W4383955446,A5100408494,I39333907
W4384067368,A5043352718,I180726961
W4384067368,A5085581846,I167027274
W4384067368,A5086716119,I27599042
W4384067368,A5091309588,I167383011
W4384067368,A5100413271,I31847773
W4384069115,A5033468759,I141596103
W4384069115,A5036843846,I155381812
W4384069115,A5036843846,I4210166615
W4384069115,A5062877879,I155381812
W4384069115,A5062877879,I4210166615
W4384069115,A5070363238,I122140584
W4384069115,A5071347740,I122266389
W4384069115,A5082611298,I43439940
W4384197612,A5010920098,I88060688
W4384197612,A5049812833,I88060688
W4384197612,A5081651324,I88060688
W4384405814,A5006827230,I8778637
W4384405814,A5047086595,I860003557
W4384405814,A5069551284,I8778637
W4384817948,A5003368214,I3133014862
W4384817948,A5065801825,I3151615967
W4384822078,A5014524947,I181326427
W4384822078,A5056603533,I181326427
W4384822078,A5085124830,I181326427
W4384823618,A5035653383,I154970844
W4384823618,A5057762915,I154970844
W4384823934,A5111120331,I885392262
W4384934896,A5020454674,I863896202
W4384934896,A5077452078,I863896202
W4385156725,A5009341780,I20942203
W4385156725,A5100365699,I158842170
W4385156725,A5100405230,I20942203
W4385156725,A5100435928,I20942203
W4385156725,A5100629269,I20942203
W4385156725,A5102003367,I20942203
W4385224798,A5060735971,I33849332
W4385224798,A5092536143,I33849332
W4385349476,A5045821587,I4210104301
W4385349476,A5050089569,I4210104301
W4385364879,A5040805922,I116953780
W4385364879,A5047438553,I116953780
W4385364879,A5074507084,I116953780
W4385364879,A5100387313,I116953780
W4385364879,A5100777712,I116953780
W4385364879,A5105268108,I116953780
W4385364879,A5113668148,I99065089
W4385566558,A5025675252,I139759216
W4385566558,A5075599732,I139759216
W4385566558,A5081673334,I139759216
W4385566558,A5084818732,I139759216
W4385566558,A5104473006,I139759216
W4385582962,A5002554614,I4210133503
W4385582962,A5012682751,I105094715
W4385582962,A5077868480,I180952551
W4385606791,A5006692999,I71999127
W4385606791,A5018421414,I71999127
W4385606791,A5026627913,I71999127
W4385606791,A5048383795,I71999127
W4385606791,A5053101991,I71999127
W4385606791,A5060217565,I47508984
W4385606791,A5078391768,I71999127
W4385606791,A5080161418,I71999127
W4385606791,A5091504243,I47508984
W4385614039,A5018724341,I31746571
W4385614039,A5059077090,I31746571
W4385614039,A5064683660,I1292875679
W4385614039,A5064683660,I42894916
W4385614039,A5071591540,I31746571
W4385635252,A5019458870,I48379061
W4385635252,A5060474231,I48379061
W4385700994,A5039907536,I194028371
W4385700994,A5051194250,I194028371
W4385728692,A5035740629,I177909021
W4385728692,A5066866262,I177909021
W4385728692,A5068640530,I1283613182
W4385737858,A5057771990,I4210112471
W4385737858,A5086770795,I67581229
W4385737858,A5104154875,I282159120
W4385768685,A5059204524,I172675005
W4385768685,A5062187850,I172675005
W4385768685,A5100752356,I172675005
W4385876747,A5013150230,I57206974
W4385876747,A5034347136,I39534123
W4385876747,A5061829839,I34809795
W4385876747,A5061829839,I94509681
W4385876747,A5065256405,I39534123
W4385876747,A5113696439,I70971781
W4386028223,A5006416038,I25757504
W4386028223,A5042341977,I1327237609
W4386028223,A5070975876,I25757504
W4386028223,A5087365202,I25757504
W4386028223,A5100608830,I25757504
W4386028223,A5101792673,I25757504
W4386028223,A5108858303,I25757504
W4386099197,A5034218707,I82571370
W4386099197,A5100335586,I82571370
W4386136748,A5012712435,I4210131919
W4386136748,A5035555413,I4210131919
W4386136748,A5070682362,I3970613
W4386251630,A5021136987,I41198531
W4386251630,A5040432443,I41198531
W4386251630,A5062627778,I41198531
W4386251630,A5100355692,I41198531
W4386251630,A5101859990,I69356397
W4386286693,A5016980869,I4472751
W4386286693,A5034324329,I195019228
W4386286693,A5053672565,I120825670
W4386286693,A5085145640,I120825670
W4386286693,A5100452867,I120825670
W4386287756,A5029164573,I41549804
W4386287756,A5051710693,I157637111
W4386287756,A5077439097,I41549804
W4386391043,A5006242246,I4210149962
W4386391043,A5087846152,I4210149962
W4386391043,A5089994425,I4210149962
W4386391043,A5091500375,I4210142395
W4386391908,A5015727828,I187400657
W4386391908,A5023206315,I3130814776
W4386391908,A5023206315,I5100685
W4386391908,A5075803181,I4510145
W4386391908,A5112993099,I37987034
W4386416915,A5027679413,I89466785
W4386416915,A5056436780,I89466785
W4386416915,A5069389579,I89466785
W4386416915,A5086295431,I89466785
W4386416915,A5114334565,I89466785
W4386422408,A5012560659,I88273585
W4386422408,A5079991821,I88273585
W4386510526,A5100885838,I181903023
W4386510526,A5103101979,I181903023
W4386510526,A5112454511,I181903023
W4386517577,A5006332127,I11019714
W4386517577,A5023980589,I11019714
W4386517577,A5051063758,I11019714
W4386517577,A5080271860,I11019714
W4386519770,A5045179533,I149313025
W4386526498,A5085052577,I33585257
W4386526498,A5100637395,I33585257
W4386572626,A5012682751,I105094715
W4386572626,A5027706080,I105094715
W4386572626,A5035829078,I105094715
W4386636345,A5033118514,I167027274
W4386636345,A5033431973,I76130692
W4386636345,A5085420080,I55712492
W4386636345,A5100734635,I3018263800
W4386636345,A5101783051,I76130692
W4386689048,A5020729324,I90727586
W4386689048,A5024830827,I90727586
W4386689048,A5029593713,I90727586
W4386689048,A5103188568,I90727586
W4386724211,A5011292480,I28022161
W4386724211,A5011574113,I4210143508
W4386776484,A5040374827,I134784518
W4386776484,A5046741675,I134784518
W4386804684,A5015350333,I55712492
W4386804684,A5081084530,I55712492
W4386804684,A5100329219,I55712492
W4386804684,A5100638019,I55712492
W4386804684,A5103177922,I4210092870
W4386847093,A5030433440,I40120149
W4386847093,A5083087081,I51452335
W4386847093,A5101468363,I51452335
W4386862683,A5010789167,I79156528
W4386862683,A5014626190,I57093077
W4386862683,A5108661596,I57093077
W4386962827,A5011689156,I161127581
W4386962827,A5016405223,I158509141
W4386962827,A5030018584,I158509141
W4386962827,A5030701447,I158509141
W4386962827,A5065441473,I161127581
W4386962827,A5084309272,I1283613182
W4386980375,A5000492580,I1187138
W4386980375,A5064147835,I1187138
W4386991635,A5030323127,I55712492
W4386991635,A5089105523,I27357992
W4386991635,A5089615958,I82951845
W4386991635,A5100460917,I27357992
W4386991635,A5100728173,I27357992
W4387020096,A5041526343,I85461943
W4387020096,A5054194585,I162030827
W4387020096,A5056940144,I149218525
W4387020117,A5029174092,I150229711
W4387020117,A5100741983,I150229711
W4387104424,A5037070255,I4210135256
W4387104424,A5040309108,I4210135256
W4387140882,A5014273280,I4210102512
W4387140882,A5015020676,I4210102512
W4387140882,A5024775745,I64128412
W4387306238,A5024607215,I4210126056
W4387306238,A5024607215,I4210134356
W4387306238,A5051575292,I134560555
W4387306238,A5051575292,I3131550300
W4387306238,A5051575292,I4210119061
W4387306238,A5051575292,I4210126056
W4387306238,A5051575292,I4210152422
W4387306238,A5051575292,I4210160189
W4387306238,A5060949135,I83259278
W4387306238,A5060949135,I8636806
W4387306238,A5078325881,I8636806
W4387335216,A5055294491,I4210153668
W4387335216,A5102177589,I182000528
W4387335216,A5103660184,I4210123185
W4387338457,A5013716694,I134276161
W4387338457,A5026855523,I134276161
W4387338457,A5053152975,I134276161
W4387338457,A5083112369,I134276161
W4387338457,A5089371801,I134276161
W4387338457,A5104178375,I134276161
W4387338457,A5112918991,I134276161
W4387342382,A5008981006,I74319210
W4387342382,A5033658073,I74319210
W4387371722,A5004326236,I116067653
W4387371722,A5005343901,I116067653
W4387371722,A5007348092,I116067653
W4387371722,A5043953788,I110120368
W4387371722,A5043953788,I138689650
W4387371722,A5051971369,I116067653
W4387371722,A5052555990,I116067653
W4387372193,A5002208932,I4210159820
W4387372193,A5026964006,I4210159820
W4387372193,A5038504786,I37461747
W4387372193,A5055386790,I37461747
W4387372193,A5059112199,I37461747
W4387372193,A5100446290,I37461747
W4387372193,A5100689691,I37461747
W4387372193,A5100752260,I37461747
W4387405999,A5001077726,I4385474403
W4387405999,A5028305369,I4385474403
W4387405999,A5051841656,I4385474403
W4387405999,A5074758085,I4385474403
W4387405999,A5100628297,I4385474403
W4387536504,A5073982282,I134892692
W4387653442,A5059357770,I134052481
W4387653442,A5100370563,I100188998
W4387653442,A5100688740,I100188998
W4387673491,A5015699943,I75059550
W4387673491,A5043627328,I75059550
W4387673491,A5087626651,I75059550
W4387673491,A5102567767,I75059550
W4387735499,A5067244774,I2277624104
W4387735499,A5100377935,I2277624104
W4387735499,A5100671214,I154099455
W4387735499,A5104302004,I154099455
W4387743441,A5008915336,I129801699
W4387743441,A5013136179,I129801699
W4387743441,A5021935013,I129801699
W4387743441,A5069726997,I129801699
W4387844912,A5009748764,I153687341
W4387844912,A5024473397,I182000528
W4387844912,A5057649942,I104941359
W4387844912,A5065055884,I33926330
W4387844912,A5081678536,I182000528
W4387844912,A5100702092,I885383172
W4387938956,A5027168830,I241749
W4387971125,A5053542801,I83259278
W4387971125,A5073221047,I83259278
W4387971125,A5073945123,I4210111747
W4387971125,A5073945123,I68916915
W4387971125,A5073945123,I83259278
W4387971835,A5103216766,I4210096063
W4387972140,A5016800697,I41549804
W4387972140,A5039205000,I41549804
W4387972140,A5048111219,I26285277
W4388085316,A5100458928,I126924076
W4388085316,A5100605099,I10535382
W4388085316,A5100670419,I10535382
W4388085316,A5111982687,I10535382
W4388185627,A5031539491,I149594827
W4388185627,A5045137489,I149594827
W4388377845,A5011331148,I41549804
W4388377845,A5051710693,I157637111
W4388377845,A5077439097,I41549804
W4388377850,A5037780781,I149594827
W4388377850,A5069850104,I117532281
W4388377850,A5100447783,I149594827
W4388377850,A5103022639,I149594827
W4388377850,A5104193607,I149594827
W4390343183,A5022022325,I27357992
W4390343183,A5024966645,I27357992
W4390343183,A5055535729,I27357992
W4390343183,A5100324205,I27357992
W4390343183,A5100454158,I2802541053
W4390502602,A5037947876,I1301390666
W4390502602,A5104089932,I1301390666
W4390521498,A5016509448,I151903974
W4390521498,A5053012669,I151903974
W4390521498,A5086327977,I83844774
W4390538319,A5002178808,I115566878
W4390538319,A5081492188,I115566878
W4390588308,A5029749178,I139660479
W4390588308,A5077665557,I139660479
W4390588308,A5100649005,I139660479
W4390607542,A5100660163,I154970844
W4390607542,A5102802526,I154970844
W4390612591,A5019044923,I27599042
W4390612591,A5039799143,I25355098
W4390619754,A5033470869,I180519160
W4390619754,A5063602818,I180519160
W4390638660,A5010107824,I118292597
W4390638660,A5020303183,I118292597
W4390638660,A5102263458,I118292597
W4390638963,A5021767070,I117381506
W4390638963,A5063972503,I141431873
W4390650730,A5003352731,I4076070
W4390650730,A5038831043,I4076070
W4390664173,A5022241695,I37987034
W4390664173,A5091376805,I3045169105
W4390664173,A5100418148,I865915315
W4390698144,A5002855381,I56306041
W4390698144,A5049665961,I172780181
W4390698144,A5051710693,I157637111
W4390698144,A5052342684,I54001450
W4390700611,A5011642893,I1318643470
W4390700611,A5011642893,I47720641
W4390700611,A5019466916,I1318643470
W4390700611,A5019466916,I47720641
W4390700611,A5027618698,I1318643470
W4390700611,A5027618698,I47720641
W4390700611,A5066657873,I1318643470
W4390700611,A5066657873,I47720641
W4390700611,A5069071275,I1318643470
W4390700611,A5069071275,I47720641
W4390700611,A5089078890,I1318643470
W4390700611,A5089078890,I47720641
W4390700611,A5091178333,I1318643470
W4390700611,A5091178333,I47720641
W4390700611,A5100456045,I4210111998
W4390700611,A5100456045,I47720641
W4390700611,A5100726967,I1318643470
W4390700611,A5100726967,I47720641
W4390700611,A5100781207,I1318643470
W4390700611,A5100781207,I47720641
W4390700611,A5101275705,I47720641
W4390700611,A5103103102,I1318643470
W4390700611,A5103103102,I47720641
W4390755696,A5041241151,I9356336
W4390755696,A5054767133,I9356336
W4390755696,A5061043179,I9356336
W4390755696,A5111097493,I9356336
W4390974023,A5000554000,I206816349
W4390974023,A5055415748,I4210106255
W4390974023,A5103162362,I4210106255
W4391052842,A5051371182,I139322472
W4391052842,A5083042521,I139322472
W4391052842,A5085272093,I139322472
W4391052842,A5100396870,I139322472
W4391218191,A5011376608,I172675005
W4391218191,A5027893285,I165932596
W4391218191,A5050386762,I172675005
W4391317914,A5000218612,I4210131560
W4391317914,A5014782727,I4210131560
W4391317914,A5034636034,I197907453
W4391321561,A5026595011,I4210100923
W4391321561,A5047501301,I4210100923
W4391321561,A5088297608,I4210100923
W4391343475,A5011543714,I142208455
W4391343475,A5019810689,I80143920
W4391343475,A5036511259,I150744194
W4391343475,A5102740628,I142208455
W4391343475,A5105826134,I80143920
W4391343475,A5114169025,I80143920
W4391345988,A5012682751,I105094715
W4391345988,A5024496136,I105094715
W4391360895,A5009241024,I74319210
W4391360895,A5076026790,I4210107262
W4391392562,A5053964127,I123565023
W4391392562,A5053964127,I47265099
W4391392562,A5062984384,I123565023
W4391392562,A5062984384,I47265099
W4391420283,A5007662084,I3019309368
W4391420283,A5076703122,I3019309368
W4391420283,A5086797487,I3019309368
W4391420283,A5093553783,I3019309368
W4391427613,A5028037243,I200845125
W4391427613,A5045380530,I200845125
W4391427613,A5048675276,I200845125
W4391427613,A5062275056,I200845125
W4391427613,A5080261836,I200845125
W4391427613,A5101299408,I200845125
W4391485390,A5001856198,I168864056
W4391485390,A5011828401,I59944920
W4391485390,A5025973604,I16197041
W4391509716,A5008709748,I117532281
W4391509716,A5008709748,I157773358
W4391509716,A5008709748,I4210127074
W4391509716,A5008709748,I4210128921
W4391509716,A5037780781,I149594827
W4391509716,A5090835851,I117532281
W4391509716,A5100456371,I201459984
W4391509716,A5100456371,I4210149618
W4391509716,A5100844173,I117532281
W4391509716,A5100844173,I157773358
W4391509716,A5100844173,I4210127074
W4391509716,A5100844173,I4210128921
W4391509716,A5101300579,I117532281
W4391509716,A5112660954,I4210162753
W4391509766,A5023004876,I3132975163
W4391509766,A5028219054,I3132975163
W4391509766,A5086367311,I3132975163
W4391509766,A5093855294,I3132975163
W4391509766,A5093855295,I3132975163
W4391509766,A5113111669,I3132975163
W4391511770,A5014459921,I114457229
W4391511770,A5028244962,I130692619
W4391511770,A5073203752,I114457229
W4391514619,A5024997249,I192398990
W4391514619,A5053995691,I154023281
W4391514718,A5013527762,I151727225
W4391514718,A5100322289,I151727225
W4391514718,A5100614380,I151727225
W4391514872,A5003861036,I3124704065
W4391514872,A5065051130,I160993911
W4391514872,A5100445659,I160993911
W4391514872,A5100627256,I160993911
W4391514872,A5107031597,I166459259
W4391538100,A5101560617,I145286018
W4391538100,A5101964059,I145286018
W4391540015,A5007520571,I118826373
W4391540015,A5045669725,I118826373
W4391540015,A5066004246,I33585257
W4391541001,A5054407193,I145487455
W4391541001,A5073357070,I145487455
W4391541001,A5085432173,I145487455
W4391541001,A5101948445,I84058292
W4391541206,A5012247372,I24185976
W4391576353,A5063696855,I194028371
W4391576353,A5074521284,I181877577
W4391576353,A5079148234,I181877577
W4391576353,A5100451412,I142108993
W4391576353,A5100691996,I145897649
W4391576353,A5100698996,I181877577
W4391611133,A5002244797,I4210146087
W4391611133,A5017526540,I3123046734
W4391611133,A5025416063,I35510649
W4391611133,A5051803444,I35510649
W4391645416,A5001746807,I45438204
W4391645416,A5010472148,I3124059619
W4391645416,A5036801346,I114017466
W4391645416,A5051406984,I6469544
W4391654576,A5003113894,I212119943
W4391654576,A5040430468,I141945490
W4391654576,A5058540009,I212119943
W4391654576,A5070857897,I212119943
W4391679033,A5072853927,I82880672
W4391679033,A5100378207,I21193070
W4391679033,A5100384616,I75390827
W4391679033,A5108900100,I82880672
W4391693774,A5008292958,I63772739
W4391693774,A5084641325,I63772739
W4391738567,A5003799782,I154425047
W4391738567,A5006488537,I170253739
W4391738567,A5008319011,I4210087320
W4391738567,A5051710693,I157637111
W4391738567,A5064081550,I170253739
W4391738567,A5067245090,I170253739
W4391738567,A5068911769,I170253739
W4391738567,A5072469505,I170253739
W4391749941,A5018529520,I138006243
W4391749941,A5046974263,I138006243
W4391749941,A5102616319,I138006243
W4391749941,A5104242558,I138006243
W4391749941,A5112540741,I138006243
W4391750002,A5048672189,I152743029
W4391750002,A5086034088,I4210151929
W4391750002,A5101649139,I27462735
W4391750002,A5102980024,I27462735
W4391750982,A5003975347,I75535952
W4391750982,A5024473397,I182000528
W4391750982,A5077953024,I33926330
W4391750982,A5081678536,I182000528
W4391750982,A5085661326,I207527440
W4391774550,A5024052540,I121750182
W4391774550,A5086527348,I121750182
W4391782448,A5090363651,I31746571
W4391799681,A5019540812,I165682329
W4391799681,A5060949135,I8636806
W4391799681,A5078325881,I8636806
W4391799681,A5085758758,I8636806
W4391799681,A5091500375,I4210142395
W4391815309,A5015583050,I11923345
W4391815309,A5015583050,I686019
W4391815309,A5036575786,I11923345
W4391815309,A5036575786,I686019
W4391815309,A5037336607,I4210137574
W4391815309,A5056668715,I11923345
W4391815309,A5056668715,I686019
W4391815608,A5001004189,I21642278
W4391815608,A5013289712,I21642278
W4391815608,A5092397688,I21642278
W4391815608,A5100311985,I21642278
W4391815608,A5109436211,I21642278
W4391816773,A5049221896,I158248296
W4391816773,A5074487575,I158248296
W4391816773,A5087823737,I158248296
W4391836500,A5013209021,I4210152718
W4391836500,A5030050034,I875944469
W4391836500,A5037356449,I875944469
W4391836500,A5052129812,I4210152718
W4391836500,A5101496862,I26072440
W4391836500,A5101496862,I4210152718
W4391836500,A5108978346,I26072440
W4391836500,A5108978346,I4210152718
W4391839537,A5101627932,I165682329
W4391839537,A5103151232,I165682329
W4391843091,A5001443386,I114117164
W4391843091,A5032432014,I114117164
W4391843091,A5078763987,I114117164
W4391843091,A5100443469,I114117164
W4391843091,A5100723207,I114117164
W4391843091,A5102945222,I114117164
W4391843683,A5055375649,I876193797
W4391843683,A5062954161,I876193797
W4391843683,A5110216447,I876193797
W4391876257,A5003724000,I4472751
W4391876257,A5051710693,I157637111
W4391876257,A5080133917,I4472751
W4391876257,A5100458583,I4472751
W4391876257,A5101418559,I4472751
W4391881477,A5009749255,I59361560
W4391881477,A5029648269,I59361560
W4391881477,A5032195278,I177400693
W4391881477,A5101561618,I26072440
W4391881477,A5101561618,I96307353
W4391931465,A5032770006,I184531372
W4391931465,A5057697626,I2801380234
W4391931465,A5061528903,I184531372
W4391931465,A5074022699,I200650556
W4391931465,A5081157508,I184531372
W4391942283,A5020399176,I47508984
W4391942283,A5026643759,I3018771216
W4391942283,A5026643759,I8204097
W4391942283,A5060691634,I3018771216
W4391942283,A5060691634,I8204097
W4391942283,A5063915344,I1290190913
W4391942283,A5063915344,I8204097
W4391942283,A5069072700,I3018771216
W4391942283,A5069072700,I8204097
W4391947388,A5011525995,I102913810
W4391947388,A5024357416,I102913810
W4391947388,A5038096667,I102913810
W4391947388,A5053001881,I102913810
W4391947388,A5068430010,I63169043
W4391947388,A5068912729,I102913810
W4391953812,A5049838944,I204983213
W4391953812,A5049838944,I3131625388
W4391953812,A5067241967,I204983213
W4391953812,A5067241967,I3131625388
W4391953812,A5087999139,I204983213
W4391953812,A5087999139,I3131625388
W4391953812,A5100458457,I204983213
W4391953812,A5100458457,I3131625388
W4391953812,A5101783854,I125749732
W4391953812,A5101997806,I204983213
W4391953812,A5101997806,I3131625388
W4391965926,A5024823282,I4210121509
W4391965926,A5032146560,I4210121509
W4391965926,A5089796484,I4210121509
W4391965926,A5101829601,I4210121509
W4391988777,A5083300528,I9224756
W4391988777,A5086125071,I9224756
W4391988777,A5100318133,I9224756
W4391988777,A5100664136,I9224756
W4391988777,A5100737553,I9224756
W4392014548,A5012148158,I112536369
W4392014548,A5016428631,I67042835
W4392014548,A5032123516,I112536369
W4392014548,A5077553626,I67042835
W4392014548,A5080674562,I3045169105
W4392048306,A5015110943,I12912129
W4392048306,A5075519523,I121243025
W4392058616,A5019951946,I64128412
W4392058616,A5111186382,I64128412
W4392077456,A5020364739,I158333966
W4392077456,A5075617271,I158333966
W4392096151,A5024292688,I91656880
W4392096151,A5037990310,I9341345
W4392096151,A5078931218,I31746571
W4392096151,A5100337421,I9224756
W4392096151,A5100369916,I9224756
W4392096151,A5100459390,I91656880
W4392096151,A5100634702,I9224756
W4392096151,A5101674460,I9224756
W4392096151,A5101882098,I9224756
W4392109529,A5033805006,I145286018
W4392109529,A5060877857,I4210101093
W4392109529,A5064528936,I4210101093
W4392109529,A5082692385,I876193797
W4392160106,A5011070228,I38335241
W4392160106,A5013636671,I38335241
W4392160106,A5030314469,I64295750
W4392238943,A5081998360,I21419654
W4392298624,A5034636278,I1292875679
W4392298624,A5039035475,I118347636
W4392298624,A5043097997,I82951845
W4392298624,A5046987655,I118347636
W4392298624,A5054763664,I1292875679
W4392298624,A5060335798,I1292875679
W4392298624,A5061761891,I118347636
W4392298624,A5089640431,I1292875679
W4392355236,A5023403556,I72264486
W4392355236,A5100763147,I55990551
W4392355236,A5110109385,I27357992
W4392356648,A5000218612,I4210131560
W4392356648,A5066105968,I4210131560
W4392356648,A5078032335,I4210131560
W4392385305,A5007601689,I5343935
W4392385305,A5015299890,I5343935
W4392385305,A5071937660,I5343935
W4392385305,A5100617197,I5343935
W4392385305,A5101761507,I5343935
W4392387106,A5008749010,I204983213
W4392387106,A5083925228,I108688024
W4392387106,A5083925228,I154099455
W4392387106,A5100455486,I108688024
W4392387106,A5100455486,I154099455
W4392401953,A5004494709,I25112270
W4392401953,A5019553116,I159129438
W4392401953,A5019553116,I9736820
W4392401953,A5084140678,I25112270
W4392545523,A5032262344,I170215575
W4392545523,A5050623306,I16609230
W4392545523,A5053941913,I3130607311
W4392545523,A5089986388,I177877127
W4392545523,A5100297908,I16609230
W4392545523,A5100461883,I16609230
W4392545523,A5101314007,I16609230
W4392620581,A5001907851,I98962006
W4392620581,A5007723735,I4210153056
W4392620581,A5017034220,I179948855
W4392620581,A5034672880,I134085113
W4392620581,A5035605378,I139322472
W4392620581,A5037953109,I134085113
W4392620581,A5062007467,I134085113
W4392620581,A5084169112,I885383172
W4392620581,A5093011841,I202735123
W4392624827,A5014811100,I20581793
W4392624827,A5087201377,I20581793
W4392656047,A5012313832,I201726411
W4392656047,A5075063043,I201726411
W4392683354,A5011861646,I38335241
W4392683354,A5101887990,I38335241
W4392755978,A5017410083,I57328836
W4392817605,A5042700750,I4210091512
W4392817605,A5067068847,I4210097418
W4392817605,A5081042741,I110594554
W4392817605,A5106468368,I1294671590
W4392817605,A5106468368,I2279609970
W4392817605,A5106468368,I4210123471
W4392817605,A5106468368,I70348806
W4392817605,A5106468368,I7454413
W4392862067,A5042520826,I10535382
W4392862067,A5052086121,I10535382
W4392862067,A5077747673,I10535382
W4392862067,A5100586510,I205237279
W4392862067,A5100611706,I10535382
W4392862067,A5101710883,I10535382
W4392865184,A5001212991,I180726961
W4392865184,A5017768318,I37987034
W4392865184,A5065941595,I185523456
W4392896772,A5003329348,I174458059
W4392896772,A5045992049,I174458059
W4392925654,A5038375177,I165745306
W4392925654,A5068860197,I24185976
W4392925654,A5071882941,I24185976
W4392925654,A5100392446,I37987034
W4392953330,A5001104227,I111575329
W4392953330,A5004446802,I111575329
W4392953330,A5018974025,I4068193
W4392953330,A5049963017,I104338594
W4392954469,A5086331722,I889804353
W4392954469,A5112353924,I889804353
W4393115804,A5079815210,I79161377
W4393115836,A5052433644,I198645480
W4393115836,A5074094490,I198645480
W4393115836,A5100585388,I198645480
W4393115836,A5100712167,I198645480
W4393115836,A5100750859,I198645480
W4393115925,A5026964588,I159948400
W4393115925,A5037444970,I99041443
W4393115925,A5051710693,I157637111
W4393115925,A5100324346,I106645853
W4393115925,A5100436505,I201459984
W4393115925,A5100436505,I4210149618
W4393115925,A5102254008,I201459984
W4393115925,A5102254008,I4210149618
W4393232293,A5007869905,I112859197
W4393232293,A5016120882,I112859197
W4393232293,A5060498232,I112859197
W4393232293,A5065595678,I112859197
W4393232293,A5113031446,I112859197
W4393281585,A5040301804,I204778367
W4393281585,A5089593510,I204778367
W4393311190,A5023506216,I25399158
W4393311190,A5086712669,I41147446
W4393311190,A5089615958,I82951845
W4393311190,A5100606562,I27357992
W4393311190,A5100904986,I189712700
W4393316745,A5005346086,I4210152560
W4393316745,A5049303689,I4210152560
W4393316745,A5088791460,I4210152560
W4393316745,A5091982923,I4210152560
W4393343355,A5022613820,I67357951
W4393343355,A5029547855,I9341345
W4393343355,A5058396473,I4210131147
W4393343355,A5068430767,I4210125057
W4393343355,A5073274924,I9341345
W4393354793,A5010645622,I187531555
W4393385749,A5014911444,I876193797
W4393385749,A5021979347,I876193797
W4393385749,A5036048501,I876193797
W4393385749,A5108052662,I876193797
W4393387322,A5043469036,I192398990
W4393387322,A5055407692,I192398990
W4393387322,A5056901337,I192398990
W4393387322,A5064941728,I139660479
W4393397186,A5034047775,I76569877
W4393397186,A5052624521,I4210146919
W4393397186,A5061655810,I4210146919
W4393397186,A5088413924,I76569877
W4393397186,A5102438019,I2250955327
W4393509883,A5017613139,I206777745
W4393509883,A5017968460,I881766915
W4393509883,A5039465981,I206777745
W4393509883,A5076835782,I881766915
W4393509883,A5101654199,I881766915
W4393928775,A5020105973,I4210093237
W4393928775,A5053436240,I21067949
W4393928775,A5060989288,I4210093237
W4393928775,A5062165084,I21067949
W4393928775,A5104270626,I36243813
W4393928775,A5108258986,I21067949
W4393983860,A5001125873,I176601375
W4393983860,A5011636952,I117222138
W4393983860,A5017346745,I929597975
W4393983860,A5025769177,I160606119
W4393983860,A5051134098,I160606119
W4393983860,A5056240813,I171003132
W4393983860,A5059512412,I176601375
W4393983860,A5103070560,I4210152471
W4393987991,A5067694887,I168719708
W4393987991,A5100764713,I168719708
W4394724000,A5058291454,I157773358
W4394724000,A5071858635,I168719708
W4394724000,A5074920542,I168719708
W4394724000,A5084348345,I168719708
W4394724000,A5100627256,I160993911
W4394760969,A5018012580,I63548447
W4394760969,A5033088568,I2800424308
W4394760969,A5034117890,I63548447
W4394760969,A5037400048,I2800424308
W4394760969,A5066568365,I63548447
W4394760969,A5066670639,I63548447
W4394760969,A5074298865,I2800424308
W4394760969,A5079371152,I2800424308
W4394760969,A5091998697,I63548447
W4394760969,A5103566198,I2800424308
W4394784587,A5010425995,I861853513
W4394784587,A5014863005,I861853513
W4394784587,A5016689888,I861853513
W4394784587,A5047828984,I861853513
W4394784587,A5048033238,I861853513
W4394784587,A5051607028,I2802755631
W4394784587,A5067604451,I2802755631
W4394784587,A5070270772,I861853513
W4394784587,A5081384199,I861853513
W4394785854,A5054879435,I52180223
W4394785854,A5072737251,I52180223
W4394785854,A5101783854,I52180223
W4394788526,A5008833108,I181418319
W4394788526,A5008833108,I201841394
W4394788526,A5032950613,I119439378
W4394788526,A5035297085,I119439378
W4394788526,A5045922629,I119439378
W4394788526,A5078441040,I119439378
W4394797690,A5001443386,I114117164
W4394797690,A5043933089,I114117164
W4394797690,A5051454847,I114117164
W4394797690,A5101459503,I114117164
W4394797690,A5101517087,I114117164
W4394797690,A5102945222,I114117164
W4394797690,A5109617135,I114117164
W4394804833,A5010520770,I203899302
W4394804833,A5016963620,I134085113
W4394804833,A5017285624,I134085113
W4394804833,A5035347985,I203899302
W4394804833,A5056251028,I193181351
W4394804833,A5066064427,I134085113
W4394804833,A5067154136,I4210143841
W4394804833,A5075603267,I102913810
W4394804833,A5087881076,I182023848
W4394810480,A5030755895,I4210141572
W4394810480,A5052766876,I4210166723
W4394810480,A5081882547,I4210120426
W4394810480,A5089088413,I4210120426
W4394810480,A5091489915,I4210166723
W4394810480,A5095692383,I4210141572
W4394822791,A5070101306,I24185976
W4394822791,A5101683574,I24185976
W4394822791,A5104281232,I24185976
W4394879135,A5003847848,I4210121333
W4394879135,A5061254323,I140106629
W4394879135,A5061363970,I132286405
W4394879135,A5084970962,I148202161
W4394927283,A5009236758,I121797337
W4394927283,A5025342513,I121797337
W4394927283,A5026591190,I4210112253
W4394927283,A5034280984,I121797337
W4394927283,A5038925727,I121797337
W4394927283,A5062646838,I121797337
W4394927283,A5086755250,I4210112253
W4395046137,A5010555077,I178232147
W4395046137,A5055034748,I178232147
W4395046137,A5100688418,I178232147
W4395046137,A5109680819,I178232147
W4395047770,A5001104882,I150229711
W4395047770,A5014716105,I165779595
W4395047770,A5047127750,I150229711
W4395047770,A5076644778,I150229711
W4395047770,A5104239635,I4210095546
W4395047770,A5104239635,I99065089
W4395070930,A5054194585,I162030827
W4395074139,A5019696531,I71437568
W4395074139,A5055996958,I71437568
W4395074139,A5059739611,I71437568
W4395074139,A5084635828,I31746571
W4395074139,A5112197817,I71437568
W4396618297,A5000482287,I66943878
W4396618297,A5011429131,I4210113153
W4396618297,A5011429131,I4210155236
W4396618297,A5011429131,I4210166865
W4396618297,A5036729806,I66943878
W4396618297,A5042194412,I66943878
W4396618297,A5050776780,I4210113153
W4396618297,A5050776780,I4210155236
W4396618297,A5050776780,I4210166865
W4396618297,A5058669446,I118564535
W4396618297,A5063638455,I171892758
W4396618297,A5063638455,I4210133912
W4396618297,A5083499645,I123387679
W4396623743,A5000706566,I178232147
W4396623743,A5008727783,I178232147
W4396623743,A5044883250,I178232147
W4396623743,A5060840215,I178232147
W4396623743,A5101348015,I178232147
W4396623743,A5101957355,I178232147
W4396696684,A5060926543,I185443292
W4396696684,A5063696991,I4101805
W4396696684,A5066241737,I185443292
W4396764002,A5007495665,I4210130692
W4396764002,A5016686829,I173759888
W4396764002,A5101350675,I63371133
W4396773505,A5034354083,I90610280
W4396773505,A5050942308,I90610280
W4396773505,A5066911204,I90610280
W4396773505,A5068331721,I119045251
W4396773505,A5100701158,I90610280
W4396778191,A5029655133,I522815984
W4396778191,A5040807448,I522815984
W4396778191,A5087695079,I522815984
W4396779723,A5003621386,I94294566
W4396779723,A5023002566,I94294566
W4396779723,A5055206397,I94294566
W4396873218,A5051451361,I20942203
W4396873218,A5057914321,I20942203
W4396873218,A5060714692,I20942203
W4396873218,A5063378661,I157773358
W4396873218,A5064564307,I20942203
W4396873218,A5100388920,I90610280
W4396873218,A5101912402,I20942203
W4396916335,A5006993319,I146620803
W4396916335,A5013523706,I146620803
W4396916335,A5014010051,I146620803
W4396916335,A5021034143,I146620803
W4396916335,A5068381772,I146620803
W4396955095,A5018974025,I4068193
W4396955095,A5048064404,I44565152
W4396955095,A5101914038,I44565152
W4396965959,A5001284645,I5561750
W4396965959,A5033585021,I31746571
W4396965959,A5042048342,I192392021
W4396965959,A5098665142,I192392021
W4396965959,A5101354916,I192392021
W4396966254,A5004131475,I28022161
W4396966254,A5035125196,I28022161
W4396966254,A5050901424,I75059550
W4396966254,A5088271778,I75059550
W4396966254,A5100400525,I75059550
W4396966254,A5101683606,I75059550
W4396975530,A5027991229,I9086337
W4396975530,A5028377983,I9086337
W4396975530,A5065128861,I9086337
W4396975530,A5079773457,I9086337
W4398144766,A5019175342,I4576418
W4398144766,A5037801696,I1286329397
W4398144766,A5071706404,I1516879
W4398167322,A5006355294,I124227911
W4398167322,A5098730957,I124227911
W4398175652,A5009023776,I68986083
W4398216873,A5000700211,I10660446
W4398216873,A5003333516,I10660446
W4398216873,A5019606366,I10660446
W4398216873,A5100650553,I10660446
W4398216873,A5101192599,I10660446
W4398216873,A5101883568,I10660446
W4398241625,A5012659616,I4210105514
W4398241625,A5026035207,I200296433
W4398241625,A5026035207,I2801228662
W4398241625,A5056007719,I4210129459
W4398241625,A5056007719,I87780372
W4398241625,A5064572247,I4210094218
W4398241625,A5069260620,I4210161892
W4398241625,A5079102774,I4210095236
W4398241625,A5090851404,I200296433
W4398241625,A5100373563,I20231570
W4398241625,A5100373563,I4210130930
W4398241625,A5100377935,I2802459333
W4398241625,A5100393417,I99065089
W4398241625,A5100441116,I200296433
W4398241625,A5100515878,I4210153550
W4398241625,A5100515878,I99065089
W4398241625,A5100551210,I200296433
W4398241625,A5100551210,I2801228662
W4398241625,A5100604780,I200296433
W4398241625,A5100604780,I2801228662
W4398241625,A5100615908,I4210094218
W4398241625,A5100728718,I183519381
W4398241625,A5100728718,I4210113914
W4398241625,A5100844032,I183519381
W4398241625,A5100844032,I2800232565
W4398241625,A5101161061,I4210094218
W4398241625,A5101456454,I20231570
W4398241625,A5101456454,I4210124809
W4398241625,A5101588398,I99065089
W4398241625,A5102767749,I183519381
W4398241625,A5102767749,I4210147332
W4398243979,A5030186745,I92403157
W4398243979,A5037089910,I82880672
W4398243979,A5100438525,I92403157
W4398243979,A5102790255,I92403157
W4398762581,A5018324689,I47720641
W4398762581,A5024619778,I47720641
W4398768748,A5001499305,I142608572
W4398768748,A5083814424,I135388327
W4398768748,A5098810807,I135388327
W4399033024,A5028898335,I23075662
W4399033024,A5067197579,I23075662
W4399033024,A5098849665,I23075662
W4399033024,A5098849666,I23075662
W4399033024,A5098849667,I23075662
W4399033842,A5008808988,I30771326
W4399033842,A5055590426,I30771326
W4399033842,A5066219856,I30771326
W4399033842,A5077270486,I47720641
W4399033842,A5101334471,I137056471
W4399033842,A5113118500,I5343935
W4399095033,A5001742109,I139660479
W4399095033,A5012004938,I139660479
W4399095033,A5101691950,I139660479
W4399139300,A5020293412,I142108993
W4399139300,A5023377065,I151075929
W4399139300,A5100640128,I142108993
W4399139300,A5101980692,I142108993
W4399189200,A5000783213,I3125743391
W4399189200,A5032883585,I3125743391
W4399189200,A5073211491,I3125743391
W4399247252,A5078669433,I145897649
W4399247252,A5100447290,I145897649
W4399247252,A5101443109,I145897649
W4399247252,A5102680165,I145897649
W4399247252,A5109291830,I145897649
W4399265026,A5002819875,I23075662
W4399265026,A5021472424,I106778892
W4399265026,A5027327484,I126427551
W4399265026,A5028898335,I23075662
W4399265026,A5037222998,I130309236
W4399265026,A5067197579,I23075662
W4399265026,A5083427785,I159247623
W4399265026,A5112969207,I159247623
W4399293963,A5054194585,I162030827
W4399293963,A5066810703,I113940042
W4399293963,A5077313732,I113940042
W4399293963,A5100330428,I4210117337
W4399293963,A5108938918,I3130751423
W4399370694,A5113240952,I36399199
W4399384347,A5035486559,I43313876
W4399384347,A5100332921,I43313876
W4399385695,A5004720047,I37987034
W4399385695,A5006749051,I82951845
W4399385695,A5046103484,I37987034
W4399385695,A5069969191,I199305430
W4399385695,A5100444820,I37987034
W4399390955,A5009473482,I4210105992
W4399390955,A5071165858,I1281802846
W4399390955,A5075395770,I4210105992
W4399390955,A5085956666,I45164037
W4399390955,A5089777829,I1281802846
W4399390955,A5093560721,I1281802846
W4399439301,A5061265936,I99065089
W4399439301,A5102011846,I99065089
W4399508110,A5020766586,I172675005
W4399508110,A5055288995,I172675005
W4399508110,A5081721894,I172675005
W4399508110,A5084384774,I172675005
W4399508110,A5091531578,I172675005
W4399514805,A5006993319,I146620803
W4399514805,A5013523706,I146620803
W4399514805,A5014010051,I146620803
W4399514805,A5021034143,I146620803
W4399514805,A5068381772,I146620803
W4399528666,A5000447912,I148202161
W4399528666,A5057072317,I148202161
W4399647325,A5001565189,I173304897
W4399647325,A5002340412,I173304897
W4399647325,A5063730649,I173304897
W4399647325,A5085644838,I173304897
W4399647325,A5091909389,I173304897
W4399647329,A5046654644,I139759216
W4399647329,A5066352610,I37796252
W4399647329,A5071607720,I139759216
W4399647329,A5100408679,I139759216
W4399647329,A5113250741,I139759216
W4399703985,A5008643553,I139322472
W4399703985,A5083356789,I139322472
W4399703985,A5093045284,I139322472
W4399732303,A5038002405,I110525433
W4399732303,A5058063369,I4210116438
W4399732303,A5059577111,I4210116438
W4399732303,A5092117234,I79516672
W4399732303,A5099162765,I155419210
W4399732303,A5110552553,I158248296
W4399750638,A5011694726,I146655781
W4399750638,A5020085889,I146655781
W4399750638,A5020387498,I899635006
W4399750638,A5028614556,I146655781
W4399750638,A5048979254,I146655781
W4399750638,A5053978668,I28407311
W4399750638,A5054272337,I146655781
W4399750638,A5063210265,I146655781
W4399750638,A5074225885,I146655781
W4399750638,A5074423181,I28407311
W4399750638,A5081956313,I146655781
W4399750638,A5100352892,I146655781
W4399750638,A5100635681,I146655781
W4399750638,A5100650289,I146655781
W4399750638,A5101413852,I146655781
W4399750638,A5102402148,I146655781
W4399750638,A5106468718,I899635006
W4399812200,A5023842961,I39268498
W4399812200,A5057757489,I39268498
W4399812200,A5072534068,I183263030
W4399819227,A5012313832,I201726411
W4399819227,A5075063043,I201726411
W4399861297,A5073264981,I158842170
W4399861297,A5074972722,I158842170
W4399861297,A5079461118,I158842170
W4399861297,A5100355692,I172675005
W4399861297,A5100365435,I4210123185
W4399861297,A5100596940,I4210123185
W4399861297,A5106667425,I158842170
W4399891747,A5018735750,I4210128956
W4399891747,A5051924891,I4210128956
W4399891747,A5053883070,I1317621060
W4399891747,A5085387380,I4210128956
W4399891747,A5091533064,I24676775
W4399901928,A5062926793,I4210143260
W4399901928,A5072553847,I4210143260
W4399901928,A5113798290,I105454292
W4399906292,A5005936715,I59028903
W4399906292,A5009822141,I59028903
W4399906292,A5016393348,I59028903
W4399906292,A5100401724,I59028903
W4399906580,A5020641681,I204778367
W4399906580,A5044259885,I92008406
W4399906580,A5082630876,I52099693
W4399980490,A5102007140,I111575329
W4400009431,A5001298748,I49828101
W4400009431,A5018877986,I49828101
W4400009431,A5090827263,I49828101
W4400009431,A5092582485,I49828101
W4400017284,A5000436758,I29770179
W4400017284,A5024746666,I4210117195
W4400017284,A5074225709,I29770179
W4400017284,A5092276387,I29770179
W4400057092,A5002819875,I23075662
W4400057092,A5021472424,I106778892
W4400057092,A5027327484,I126427551
W4400057092,A5028898335,I23075662
W4400057092,A5037222998,I130309236
W4400057092,A5067197579,I23075662
W4400057092,A5083427785,I23075662
W4400057092,A5112969207,I159247623
W4400184963,A5088115654,I4210113480
W4400184963,A5100620082,I79619799
W4400184963,A5107301884,I79619799
W4400241414,A5000102178,I181063083
W4400241414,A5073023307,I181063083
W4400241414,A5077817609,I181063083
W4400261301,A5019951105,I129604602
W4400261301,A5037320179,I129604602
W4400261301,A5084419965,I129604602
W4400316603,A5067888843,I4210107262
W4400330855,A5015497605,I2799299286
W4400330855,A5015497605,I4210116917
W4400330855,A5037379072,I4210142708
W4400330855,A5071018798,I1302207122
W4400330855,A5081455802,I1302207122
W4400330855,A5084304206,I1302207122
W4400330855,A5099160668,I172675005
W4400333635,A5019845288,I24185976
W4400333635,A5064083580,I24185976
W4400333635,A5077133238,I1291425158
W4400333635,A5100373666,I24185976
W4400333635,A5100388053,I24185976
W4400333635,A5100757350,I24185976
W4400333635,A5103217398,I24185976
W4400333635,A5103221421,I24185976
W4400367989,A5000422509,I204250578
W4400367989,A5000422509,I4210140791
W4400367989,A5014235931,I163340411
W4400367989,A5023427388,I129604602
W4400367989,A5046121356,I163340411
W4400369674,A5052177862,I80143920
W4400369674,A5058550256,I80143920
W4400369674,A5100703050,I80143920
W4400369674,A5101393682,I80143920
W4400369674,A5102518596,I80143920
W4400369674,A5104344508,I80143920
W4400424436,A5044017028,I111262870
W4400424436,A5051019965,I111262870
W4400424436,A9999999999,I111262870
W4400425046,A5041505043,I170215575
W4400425046,A5079425523,I170215575
W4400425046,A5101584241,I4210090176
W4400425046,A9999999999,I170215575
W4400425046,A9999999999,I27357992
W4400429759,A9999999999,I4210099699
W4400429759,A9999999999,I4210105419
W4400454376,A5035835846,I522815984
W4400454376,A5055963919,I195460627
W4400454376,A5087695079,I522815984
W4400454376,A5092726605,I522815984
W4400507813,A5002905491,I80606768
W4400507813,A5045614362,I80606768
W4400507813,A5046828458,I80606768
W4400507813,A5074112387,I80606768
W4400507813,A5082036181,I80606768
W4400529244,A5062431070,I64128412
W4400529244,A5103308904,I64128412
W4400529443,A5045380530,I200845125
W4400529443,A5048675276,I200845125
W4400529443,A5059789868,I200845125
W4400529443,A5065661520,I200845125
W4400529443,A5100360194,I200845125
W4400529443,A5104348090,I200845125
W4400533311,A5025967090,I165682329
W4400533311,A5101969222,I165682329
W4400583786,A5028068954,I89466785
W4400583786,A5038085732,I89466785
W4400583786,A5056436780,I89466785
W4400583786,A5067926804,I89466785
W4400607621,A5015700005,I31419693
W4400607621,A5065562930,I31419693
W4400607621,A5073787834,I31419693
W4400607621,A5100720909,I31419693
W4400607621,A5104433796,I31419693
W4400607621,A5111256335,I31419693
W4400692945,A5022884973,I160968435
W4400692945,A5048223855,I4210090124
W4400692945,A5048223855,I4210118730
W4400692945,A5051710693,I157637111
W4400692945,A5080364045,I135237710
W4400692945,A5093707717,I4210119068
W4400692945,A5113237166,I28022161
W4400695119,A5014237652,I118590987
W4400695119,A5036528804,I185163786
W4400699794,A5089236453,I49835588
W4400699794,A5113291848,I49835588
W4400700713,A5001134659,I41198531
W4400700713,A5064305117,I41198531
W4400700713,A5066017048,I167027274
W4400700713,A5088154815,I41198531
W4400700713,A5101979542,I41198531
W4400857405,A5004794956,I25254941
W4400857405,A5009172078,I4385474403
W4400857405,A5025165146,I4385474403
W4400857405,A5032546313,I194450716
W4400857405,A5100776339,I4210145005
W4400857494,A5005705210,I177877127
W4400857494,A5023496317,I177877127
W4400857494,A5079769536,I119896790
W4400895761,A5024153751,I168635309
W4400895761,A5031694049,I168635309
W4400921784,A5013287421,I4210156197
W4400921784,A5013287421,I66946132
W4400921784,A5064722162,I4210116480
W4400921784,A5064722162,I99464096
W4400921784,A5077515483,I133837150
W4400921784,A5100354322,I178232147
W4400921784,A5101759314,I178232147
W4400921784,A5101839498,I178232147
W4401009456,A5003147487,I153718931
W4401009456,A5003147487,I75381157
W4401009456,A5069410082,I153718931
W4401009456,A5105097969,I153718931
W4401011076,A5025780758,I172574986
W4401011076,A5029168469,I172574986
W4401016008,A5015261333,I182534213
W4401016008,A5037722869,I182534213
W4401016008,A5114376321,I182534213
W4401049089,A5053960408,I27357992
W4401049089,A5068701347,I166846921
W4401049089,A5078523903,I166846921
W4401049089,A5101593381,I166846921
W4401057135,A5022975807,I75867142
W4401057135,A5100605601,I75867142
W4401057135,A5101429344,I75867142
W4401057135,A5109125655,I6469544
W4401064736,A5015862473,I33586908
W4401064736,A5050006711,I142608572
W4401064736,A5069814835,I12832649
W4401064736,A5100765992,I33586908
W4401064736,A5103047092,I2802584246
W4401101780,A5037355389,I4210160202
W4401101780,A5044418860,I36197038
W4401101780,A5068533597,I3133211407
W4401101780,A5080349541,I199702508
W4401101780,A5084091019,I4210116351
W4401101780,A5088890592,I4210116351
W4401101780,A5102923621,I178319760
W4401179606,A5065757714,I114117164
W4401179606,A5100322864,I114117164
W4401179606,A5100663794,I114117164
W4401375515,A5020773915,I82880672
W4401375515,A5061896312,I82880672
W4401375515,A5089450091,I82880672
W4401375515,A5103016306,I82880672
